producto_id,producto,codigo_interno,codigo_barras,precio_venta_actual,costo_compra_actual,flete_actual,ganancia_actual,inventario_id,almacen_id,almacen,stock_almacen,reservado,variante_id,talla,color,color_hex,stock_variante
1,Blusa,INT-ZDUE1W,7692778924409,150,50,,20,4,,,8,8,138,M,Rojo,#d52020,15
5,Blusa,INT-BUF9GU,3965143200069,132,,10,20,5,,,6,0,137,M,Azul,"",9
6,"Bikini 1",INT-6M9PGN,1792534455805,169,,30,30,6,,,2,2,134,XS,PASTEL,"",5
6,"Bikini 1",INT-6M9PGN,1792534455805,169,,30,30,6,,,2,2,135,S,VINO,"",10
6,"Bikini 1",INT-6M9PGN,1792534455805,169,,30,30,6,,,2,2,136,XS,"AZUL MARINO","",3
7,"Bikini 1",INT-UO5ZYT,8221513224994,182,,20,30,7,,,3,0,132,XS,"PALO DE ROSA","",2
7,"Bikini 1",INT-UO5ZYT,8221513224994,182,,20,30,7,,,3,0,133,S,PASTEL,"",2
9,"Conjunto Largo","",2727086609887,150,,15,30.43,9,,,20,2,129,M,Negro,"",8
9,"Conjunto Largo","",2727086609887,150,,15,30.43,9,,,20,2,130,S,Rojo,#ff0000,5
9,"Conjunto Largo","",2727086609887,150,,15,30.43,9,,,20,2,131,XS,LILA,"",5
11,"PANTALON WED LEG JEANS BASIC",GINDB1-01,GINDB1-01,746,,20.8,79.93,11,,,0,0,639,36,"JEANS AZUL","",0
11,"PANTALON WED LEG JEANS BASIC",GINDB1-01,GINDB1-01,746,,20.8,79.93,11,,,0,0,640,38,"JEANS AZUL","",1
11,"PANTALON WED LEG JEANS BASIC",GINDB1-01,GINDB1-01,746,,20.8,79.93,373,13,GAIA,2,1,639,36,"JEANS AZUL","",0
11,"PANTALON WED LEG JEANS BASIC",GINDB1-01,GINDB1-01,746,,20.8,79.93,373,13,GAIA,2,1,640,38,"JEANS AZUL","",1
13,"PANTALON JEANS PALAZZO BLOSH",GINEB1-02,GINEB1-02,766,,20.8,75.45,13,,,1,1,627,36,CELESTE,"",1
13,"PANTALON JEANS PALAZZO BLOSH",GINEB1-02,GINEB1-02,766,,20.8,75.45,13,,,1,1,628,38,AZUL,"",1
13,"PANTALON JEANS PALAZZO BLOSH",GINEB1-02,GINEB1-02,766,,20.8,75.45,367,13,GAIA,2,0,627,36,CELESTE,"",1
13,"PANTALON JEANS PALAZZO BLOSH",GINEB1-02,GINEB1-02,766,,20.8,75.45,367,13,GAIA,2,0,628,38,AZUL,"",1
14,BIKINIS,MICM1-18,MICM1-18,453,,,,14,,,0,0,607,S,NEGRO,"",0
14,BIKINIS,MICM1-18,MICM1-18,453,,,,14,,,0,0,608,M,FUCSIA,"",1
14,BIKINIS,MICM1-18,MICM1-18,453,,,,361,8,"MAYA SWIM",1,0,607,S,NEGRO,"",0
14,BIKINIS,MICM1-18,MICM1-18,453,,,,361,8,"MAYA SWIM",1,0,608,M,FUCSIA,"",1
15,MALLAS,GINVA3-15,GINVA3-15,412,,,,15,,,2,0,,,,,
16,"PANTALON BE FREE PREMIUM",GINEB2,GINEB2,713,,30,146.88,16,,,0,0,614,36,AZUL,"",2
16,"PANTALON BE FREE PREMIUM",GINEB2,GINEB2,713,,30,146.88,16,,,0,0,615,38,AZUL,"",1
16,"PANTALON BE FREE PREMIUM",GINEB2,GINEB2,713,,30,146.88,16,,,0,0,616,38,NEGRO,"",1
16,"PANTALON BE FREE PREMIUM",GINEB2,GINEB2,713,,30,146.88,366,13,GAIA,4,0,614,36,AZUL,"",2
16,"PANTALON BE FREE PREMIUM",GINEB2,GINEB2,713,,30,146.88,366,13,GAIA,4,0,615,38,AZUL,"",1
16,"PANTALON BE FREE PREMIUM",GINEB2,GINEB2,713,,30,146.88,366,13,GAIA,4,0,616,38,NEGRO,"",1
17,MALLA,GINVA3-09,GINVA3-09,385,,,,17,,,0,0,611,M,GUINDA,"",1
17,MALLA,GINVA3-09,GINVA3-09,385,,,,17,,,0,0,612,M,BEIGE,"",1
17,MALLA,GINVA3-09,GINVA3-09,385,,,,364,8,"MAYA SWIM",2,0,611,M,GUINDA,"",1
17,MALLA,GINVA3-09,GINVA3-09,385,,,,364,8,"MAYA SWIM",2,0,612,M,BEIGE,"",1
18,MALLA,GINFUI,GINFUI,415,,,,18,,,0,0,613,M,NEGRA,"",1
18,MALLA,GINFUI,GINFUI,415,,,,365,8,"MAYA SWIM",1,0,613,M,NEGRA,"",1
19,MALLA,GINFUI-REP,GINFUI-REP,425,,,,19,,,1,0,,,,,
20,"BIKINIS CON MOTAS",GINDU4-62,GINDU4-62,295,,,,20,,,0,0,680,S,Bordo,"",2
20,"BIKINIS CON MOTAS",GINDU4-62,GINDU4-62,295,,,,20,,,0,0,681,M,Bordo,"",1
20,"BIKINIS CON MOTAS",GINDU4-62,GINDU4-62,295,,,,20,,,0,0,682,S,Amarillo,"",1
20,"BIKINIS CON MOTAS",GINDU4-62,GINDU4-62,295,,,,20,,,0,0,683,M,Negro,"",1
20,"BIKINIS CON MOTAS",GINDU4-62,GINDU4-62,295,,,,387,8,"MAYA SWIM",5,0,680,S,Bordo,"",2
20,"BIKINIS CON MOTAS",GINDU4-62,GINDU4-62,295,,,,387,8,"MAYA SWIM",5,0,681,M,Bordo,"",1
20,"BIKINIS CON MOTAS",GINDU4-62,GINDU4-62,295,,,,387,8,"MAYA SWIM",5,0,682,S,Amarillo,"",1
20,"BIKINIS CON MOTAS",GINDU4-62,GINDU4-62,295,,,,387,8,"MAYA SWIM",5,0,683,M,Negro,"",1
21,MALLA,GINFUI--REP,GINFUI--REP,425,,,,21,,,0,0,686,"","","",1
21,MALLA,GINFUI--REP,GINFUI--REP,425,,,,389,8,"MAYA SWIM",1,0,686,"","","",1
22,MALLA,GINVA3-14,GINVA3-14,385,,,,22,,,0,0,687,S,NEGRA,"",1
22,MALLA,GINVA3-14,GINVA3-14,385,,,,390,8,"MAYA SWIM",1,0,687,S,NEGRA,"",1
23,MALLA,GINEU3-26,GINEU3-26,420,,,,23,,,0,0,688,S,"BLANCO Y NEGRO","",1
23,MALLA,GINEU3-26,GINEU3-26,420,,,,391,8,"MAYA SWIM",1,0,688,S,"BLANCO Y NEGRO","",1
24,"BIKINI COLOMBIANOS",MICM1-01,MICM1-01,523,,,,24,,,5,0,216,M,FUCSIA,"",1
24,"BIKINI COLOMBIANOS",MICM1-01,MICM1-01,523,,,,24,,,5,0,217,S,BEIGE,"",1
24,"BIKINI COLOMBIANOS",MICM1-01,MICM1-01,523,,,,24,,,5,0,218,S,AMARILLO,"",1
25,"BIKINI COLOMBIANO",MICM1-30,MICM1-30,563,,,,25,,,1,0,,,,,
26,BIKINI,GINVA3-08,GINVA3-08,445,,,,26,,,3,0,,,,,
27,"PANTALÓN NEW VALENCIA",GINEB1-01,GINEB1-01,756,,30,,27,,,0,0,689,37,Azul,"",1
27,"PANTALÓN NEW VALENCIA",GINEB1-01,GINEB1-01,756,,30,,392,13,GAIA,1,0,689,37,Azul,"",1
28,BIKINI,GINVA2-044,GINVA2-044,389,,,,28,,,5,0,,,,,
29,"PANTALÓN SECOND SLIM WIDE LEG",GINEB1-04,GINEB1-04,756,,30,109.33,29,,,0,0,694,38,Azul,"",1
29,"PANTALÓN SECOND SLIM WIDE LEG",GINEB1-04,GINEB1-04,756,,30,109.33,29,,,0,0,695,"","","",0
29,"PANTALÓN SECOND SLIM WIDE LEG",GINEB1-04,GINEB1-04,756,,30,109.33,394,13,GAIA,1,0,694,38,Azul,"",1
29,"PANTALÓN SECOND SLIM WIDE LEG",GINEB1-04,GINEB1-04,756,,30,109.33,394,13,GAIA,1,0,695,"","","",0
30,"PANTALÓN WIDE LEG JEANS",GINEB1-03,GINEB1-03,756,,30,109.33,30,,,0,0,696,38,Azul,"",1
30,"PANTALÓN WIDE LEG JEANS",GINEB1-03,GINEB1-03,756,,30,109.33,395,13,GAIA,1,0,696,38,Azul,"",1
31,"BIKINIS COLOMBIANOS TEJIDOS",MICM1-16,MICM1-16,579,,,,31,,,0,0,697,UNICA,Morado,"",1
31,"BIKINIS COLOMBIANOS TEJIDOS",MICM1-16,MICM1-16,579,,,,31,,,0,0,698,UNICA,ROSADO,"",3
31,"BIKINIS COLOMBIANOS TEJIDOS",MICM1-16,MICM1-16,579,,,,31,,,0,0,699,UNICA,AMARILLO,"",2
31,"BIKINIS COLOMBIANOS TEJIDOS",MICM1-16,MICM1-16,579,,,,31,,,0,0,700,UNICA,CAFE,"",1
31,"BIKINIS COLOMBIANOS TEJIDOS",MICM1-16,MICM1-16,579,,,,31,,,0,0,701,UNICA,CELESTE,"",1
31,"BIKINIS COLOMBIANOS TEJIDOS",MICM1-16,MICM1-16,579,,,,396,8,"MAYA SWIM",8,0,697,UNICA,Morado,"",1
31,"BIKINIS COLOMBIANOS TEJIDOS",MICM1-16,MICM1-16,579,,,,396,8,"MAYA SWIM",8,0,698,UNICA,ROSADO,"",3
31,"BIKINIS COLOMBIANOS TEJIDOS",MICM1-16,MICM1-16,579,,,,396,8,"MAYA SWIM",8,0,699,UNICA,AMARILLO,"",2
31,"BIKINIS COLOMBIANOS TEJIDOS",MICM1-16,MICM1-16,579,,,,396,8,"MAYA SWIM",8,0,700,UNICA,CAFE,"",1
31,"BIKINIS COLOMBIANOS TEJIDOS",MICM1-16,MICM1-16,579,,,,396,8,"MAYA SWIM",8,0,701,UNICA,CELESTE,"",1
32,"BIKINI CON MOTAS",GINVA3-01,GINVA3-01,295,,,,32,,,0,0,702,S,"CAFÉ CON MOTAS","",1
32,"BIKINI CON MOTAS",GINVA3-01,GINVA3-01,295,,,,397,8,"MAYA SWIM",1,0,702,S,"CAFÉ CON MOTAS","",1
33,"Prueba 1",PRUEBA123,PRUEBA123,150,,20,,33,,,0,0,609,S,Negro,"",3
33,"Prueba 1",PRUEBA123,PRUEBA123,150,,20,,33,,,0,0,610,M,Blanco,#ffffff,2
33,"Prueba 1",PRUEBA123,PRUEBA123,150,,20,,363,8,"MAYA SWIM",3,0,609,S,Negro,"",3
33,"Prueba 1",PRUEBA123,PRUEBA123,150,,20,,363,8,"MAYA SWIM",3,0,610,M,Blanco,#ffffff,2
33,"Prueba 1",PRUEBA123,PRUEBA123,150,,20,,362,13,GAIA,2,0,609,S,Negro,"",3
33,"Prueba 1",PRUEBA123,PRUEBA123,150,,20,,362,13,GAIA,2,0,610,M,Blanco,#ffffff,2
34,"BIKINI JOYA COLOMBIANO",ABC123,ABC123,563,,,,34,,,0,0,703,S,Amarillo,"",1
34,"BIKINI JOYA COLOMBIANO",ABC123,ABC123,563,,,,34,,,0,0,704,M,Dorado,"",1
34,"BIKINI JOYA COLOMBIANO",ABC123,ABC123,563,,,,398,8,"MAYA SWIM",2,0,703,S,Amarillo,"",1
34,"BIKINI JOYA COLOMBIANO",ABC123,ABC123,563,,,,398,8,"MAYA SWIM",2,0,704,M,Dorado,"",1
35,"SHORT DE CUERO IMPERIO ESTUDIO",GINBA1-108,GINBA1-108,445,,40,39.94,35,,,0,0,705,P,"Café",#5a1c00,2
35,"SHORT DE CUERO IMPERIO ESTUDIO",GINBA1-108,GINBA1-108,445,,40,39.94,35,,,0,0,706,G,Camel,#ad3e00,1
35,"SHORT DE CUERO IMPERIO ESTUDIO",GINBA1-108,GINBA1-108,445,,40,39.94,35,,,0,0,707,P,cafe,#7a4a00,0
35,"SHORT DE CUERO IMPERIO ESTUDIO",GINBA1-108,GINBA1-108,445,,40,39.94,399,13,GAIA,3,0,705,P,"Café",#5a1c00,2
35,"SHORT DE CUERO IMPERIO ESTUDIO",GINBA1-108,GINBA1-108,445,,40,39.94,399,13,GAIA,3,0,706,G,Camel,#ad3e00,1
35,"SHORT DE CUERO IMPERIO ESTUDIO",GINBA1-108,GINBA1-108,445,,40,39.94,399,13,GAIA,3,0,707,P,cafe,#7a4a00,0
36,"SHORT SHEIN",GINVA1-24,GINVA1-24,423,,,,36,,,0,0,708,S,Guinda,"",1
36,"SHORT SHEIN",GINVA1-24,GINVA1-24,423,,,,400,13,GAIA,1,0,708,S,Guinda,"",1
37,"FALDA IMPERIO ESTUDIO",GINBA1-107,GINBA1-107,445,,,,37,,,0,0,711,P,Negra,"",1
37,"FALDA IMPERIO ESTUDIO",GINBA1-107,GINBA1-107,445,,,,37,,,0,0,712,M,Negra,"",2
37,"FALDA IMPERIO ESTUDIO",GINBA1-107,GINBA1-107,445,,,,37,,,0,0,713,M,Camel,"",1
37,"FALDA IMPERIO ESTUDIO",GINBA1-107,GINBA1-107,445,,,,37,,,0,0,714,G,Camel,"",1
37,"FALDA IMPERIO ESTUDIO",GINBA1-107,GINBA1-107,445,,,,37,,,0,0,715,P,"Café","",1
37,"FALDA IMPERIO ESTUDIO",GINBA1-107,GINBA1-107,445,,,,37,,,0,0,716,P,Guinda,"",1
37,"FALDA IMPERIO ESTUDIO",GINBA1-107,GINBA1-107,445,,,,37,,,0,0,717,G,Guinda,"",1
37,"FALDA IMPERIO ESTUDIO",GINBA1-107,GINBA1-107,445,,,,37,,,0,0,718,M,Blanca,"",1
37,"FALDA IMPERIO ESTUDIO",GINBA1-107,GINBA1-107,445,,,,402,13,GAIA,9,0,711,P,Negra,"",1
37,"FALDA IMPERIO ESTUDIO",GINBA1-107,GINBA1-107,445,,,,402,13,GAIA,9,0,712,M,Negra,"",2
37,"FALDA IMPERIO ESTUDIO",GINBA1-107,GINBA1-107,445,,,,402,13,GAIA,9,0,713,M,Camel,"",1
37,"FALDA IMPERIO ESTUDIO",GINBA1-107,GINBA1-107,445,,,,402,13,GAIA,9,0,714,G,Camel,"",1
37,"FALDA IMPERIO ESTUDIO",GINBA1-107,GINBA1-107,445,,,,402,13,GAIA,9,0,715,P,"Café","",1
37,"FALDA IMPERIO ESTUDIO",GINBA1-107,GINBA1-107,445,,,,402,13,GAIA,9,0,716,P,Guinda,"",1
37,"FALDA IMPERIO ESTUDIO",GINBA1-107,GINBA1-107,445,,,,402,13,GAIA,9,0,717,G,Guinda,"",1
37,"FALDA IMPERIO ESTUDIO",GINBA1-107,GINBA1-107,445,,,,402,13,GAIA,9,0,718,M,Blanca,"",1
38,"FALDA IMPERIO ESTUDIO 2",GINBA1-106,GINBA1-106,445,,,,38,,,0,0,719,P,Cafe,"",1
38,"FALDA IMPERIO ESTUDIO 2",GINBA1-106,GINBA1-106,445,,,,38,,,0,0,720,G,Camel,"",0
38,"FALDA IMPERIO ESTUDIO 2",GINBA1-106,GINBA1-106,445,,,,38,,,0,0,721,G,Blanca,"",1
38,"FALDA IMPERIO ESTUDIO 2",GINBA1-106,GINBA1-106,445,,,,38,,,0,0,722,M,Blanca,"",1
38,"FALDA IMPERIO ESTUDIO 2",GINBA1-106,GINBA1-106,445,,,,403,13,GAIA,3,0,719,P,Cafe,"",1
38,"FALDA IMPERIO ESTUDIO 2",GINBA1-106,GINBA1-106,445,,,,403,13,GAIA,3,0,720,G,Camel,"",0
38,"FALDA IMPERIO ESTUDIO 2",GINBA1-106,GINBA1-106,445,,,,403,13,GAIA,3,0,721,G,Blanca,"",1
38,"FALDA IMPERIO ESTUDIO 2",GINBA1-106,GINBA1-106,445,,,,403,13,GAIA,3,0,722,M,Blanca,"",1
39,"FALDA INPERIO ESTUDIO",GINBA1-105,GINBA1-105,543,,,,39,,,0,0,723,G,Camel,"",2
39,"FALDA INPERIO ESTUDIO",GINBA1-105,GINBA1-105,543,,,,39,,,0,0,724,P,Camel,"",1
39,"FALDA INPERIO ESTUDIO",GINBA1-105,GINBA1-105,543,,,,39,,,0,0,725,M,Camel,"",1
39,"FALDA INPERIO ESTUDIO",GINBA1-105,GINBA1-105,543,,,,39,,,0,0,726,M,Cafe,"",1
39,"FALDA INPERIO ESTUDIO",GINBA1-105,GINBA1-105,543,,,,39,,,0,0,727,M,Negro,"",1
39,"FALDA INPERIO ESTUDIO",GINBA1-105,GINBA1-105,543,,,,404,13,GAIA,6,0,723,G,Camel,"",2
39,"FALDA INPERIO ESTUDIO",GINBA1-105,GINBA1-105,543,,,,404,13,GAIA,6,0,724,P,Camel,"",1
39,"FALDA INPERIO ESTUDIO",GINBA1-105,GINBA1-105,543,,,,404,13,GAIA,6,0,725,M,Camel,"",1
39,"FALDA INPERIO ESTUDIO",GINBA1-105,GINBA1-105,543,,,,404,13,GAIA,6,0,726,M,Cafe,"",1
39,"FALDA INPERIO ESTUDIO",GINBA1-105,GINBA1-105,543,,,,404,13,GAIA,6,0,727,M,Negro,"",1
40,"FALDA SHEIN",GINVA1-20,GINVA1-20,362,,,,40,,,0,0,728,S,Cafe,"",1
40,"FALDA SHEIN",GINVA1-20,GINVA1-20,362,,,,40,,,0,0,729,M,Cafe,"",1
40,"FALDA SHEIN",GINVA1-20,GINVA1-20,362,,,,405,13,GAIA,2,0,728,S,Cafe,"",1
40,"FALDA SHEIN",GINVA1-20,GINVA1-20,362,,,,405,13,GAIA,2,0,729,M,Cafe,"",1
41,"FALDA SHEIN",GINVA1-14,GINVA1-14,362,,,,41,,,0,0,730,S,Guinda,"",1
41,"FALDA SHEIN",GINVA1-14,GINVA1-14,362,,,,41,,,0,0,731,S,Negra,"",1
41,"FALDA SHEIN",GINVA1-14,GINVA1-14,362,,,,406,13,GAIA,2,0,730,S,Guinda,"",1
41,"FALDA SHEIN",GINVA1-14,GINVA1-14,362,,,,406,13,GAIA,2,0,731,S,Negra,"",1
42,"FALDA LAVANDA",GINBA1-87,GINBA1-87,338,,,,42,,,4,0,748,P,Camel,"",1
42,"FALDA LAVANDA",GINBA1-87,GINBA1-87,338,,,,42,,,4,0,749,P,Negra,"",1
43,"FALDA PLIZADA",GINVA3-06,GINVA3-06,455,,,,43,,,0,0,,,,,
44,"FALDA PLIZADA SHEIN",GINVA3-20,GINVA3-20,455,,,,44,,,3,0,261,Xs,Cafe,"",1
44,"FALDA PLIZADA SHEIN",GINVA3-20,GINVA3-20,455,,,,44,,,3,0,262,M,Cafe,"",0
44,"FALDA PLIZADA SHEIN",GINVA3-20,GINVA3-20,455,,,,44,,,3,0,263,S,Negra,"",2
45,"FALDA PLIZADA",GINBA3-02,GINVA3-02,455,,,,45,,,0,0,260,S,Guinda,"",1
46,"FALDA LARGA CON Y SIN CINTURON",GINBA1-86,GINBA1-86,416,,,,46,,,6,0,,,,,
47,"PANTALÓN DE CUERO",SALE-260,SALE-269,260,,,,47,,,2,0,,,,,
48,"SUÉTER DISEÑO TRENZADO",GINBA1-91,GINBA1-91,332,,,,48,,,11,0,,,,,
49,"SUÉTER DE HILO DISEÑO DE CORAZON",GINBA1-89,GINBA1-89,298,,,,49,,,3,0,,,,,
50,"SUÉTER DISEÑO DE CUADRADOS",GINBA1-88,GINBA1-88,298,,,,50,,,3,0,,,,,
51,"SUÉTER DISEÑO DE LINEAS",GINBA1-90,GINBA1-90,282,,,,51,,,2,0,,,,,
52,CALZA,GINBA1-96,GINBA1-96,248,,,,52,,,10,0,,,,,
53,"PANTALONA ANIMAL PRINS",GINBA1-60,GINBA1-60,352,,,,53,,,2,0,,,,,
54,"CONJUNTO MANGALARZA CON LINEAS",GINBA1-37,GINBA1-37,486,,,,54,,,4,0,,,,,
55,"CONJUNTO CON LÍNEAS DE LADO",GINBA1-38,GINBA1-38,511,,,,55,,,3,0,,,,,
56,"CONJUNTO CON LÍNEAS DE LADO",GINBA1-59,GINBA1-59,511,,,,56,,,1,0,,,,,
57,"CONJUNTO A RAYAS",GINBA1-56,GINBA1-56,485,,,,57,,,3,0,,,,,
58,"CONJUNTO SPORT",GINBA1-45,GINBA1-45,457,,,,58,,,0,0,631,M,Negra,"",1
58,"CONJUNTO SPORT",GINBA1-45,GINBA1-45,457,,,,58,,,0,0,632,M,Guindo,"",1
58,"CONJUNTO SPORT",GINBA1-45,GINBA1-45,457,,,,58,,,0,0,633,M,Azul,"",1
58,"CONJUNTO SPORT",GINBA1-45,GINBA1-45,457,,,,58,,,0,0,634,M,Cafe,"",1
58,"CONJUNTO SPORT",GINBA1-45,GINBA1-45,457,,,,369,13,GAIA,4,0,631,M,Negra,"",1
58,"CONJUNTO SPORT",GINBA1-45,GINBA1-45,457,,,,369,13,GAIA,4,0,632,M,Guindo,"",1
58,"CONJUNTO SPORT",GINBA1-45,GINBA1-45,457,,,,369,13,GAIA,4,0,633,M,Azul,"",1
58,"CONJUNTO SPORT",GINBA1-45,GINBA1-45,457,,,,369,13,GAIA,4,0,634,M,Cafe,"",1
59,"FALDA SATIN",GINVA3-11,GINVA3-11,342,,,,59,,,0,0,629,P,Cafe,"",1
59,"FALDA SATIN",GINVA3-11,GINVA3-11,342,,,,59,,,0,0,630,M,Cafe,"",1
59,"FALDA SATIN",GINVA3-11,GINVA3-11,342,,,,368,13,GAIA,2,0,629,P,Cafe,"",1
59,"FALDA SATIN",GINVA3-11,GINVA3-11,342,,,,368,13,GAIA,2,0,630,M,Cafe,"",1
60,"FALDA SATIN",GINVA2-42,GINVA2-42,359,,,,60,,,2,0,,,,,
61,"FALDA SATIN",GINVA2-03,GINVA2-02,342,,,,61,,,1,0,,,,,
62,"SHORT FALDA",GINBA1-39,GINBA1-39,210,,,,62,,,3,0,,,,,
63,"FALDA SATIN LARGA",GINVA3-29,GINVA3-29,384,,,,63,,,4,0,,,,,
64,"FALDA LARGA SATIN",GINVA3-03,GINVA3-03,422,,,,64,,,3,0,,,,,
65,"FALDA SATIN CAFÉ Y BEIGE",GINVA3-18,GINVA3-18,385,,,,65,,,0,0,635,S,"Beige y cafe","",1
65,"FALDA SATIN CAFÉ Y BEIGE",GINVA3-18,GINVA3-18,385,,,,370,13,GAIA,1,0,635,S,"Beige y cafe","",1
66,"FALDA LARGA SATIN",GINVA3-04,GINVA3-04,412,,,,66,,,1,0,,,,,
67,"FALDA ASIMÉTRICA SATIN",GINVA3-24,GINVA3-24,384,,,,67,,,1,0,,,,,
68,"FALDA ASIMÉTRICA SATIN",GINVA3-029,GINVA3-029,384,,,,68,,,0,0,,,,,
70,"FALDA SATIN",GINVA3-26,GINVA3-26,422,,,,70,,,1,0,,,,,
71,"FALDA SATIN ASIMETRICA",GINVA2-50,GINVA2-50,389,,,,71,,,0,0,,,,,
72,"BIKINI FLOREADO",GINFU3-96,GINFU3-96,315,,,,72,,,1,0,,,,,
73,"BIKINI FLOREADO",GINFU3-95,GINFU3-95,315,,,,73,,,1,0,,,,,
74,BIKINI,GINFU3-17,GINFU3-17,315,,,,74,,,1,0,,,,,
75,"Vestido largos Mangas",GINBA1-71,GINBA1-71,724,,,,75,,,2,0,,,,,
76,"BLUSA SATIN ASIMÉTRICA",GINVA3-33,GINVA3-33,352,,,,76,,,1,1,,,,,
77,"BLUSA SATIN ASIMETRICA",GINVA1-12,GINVA1-12,352,,,,77,,,1,0,,,,,
78,"BLUSA SATIN ASIMETRICA",GINVA2-04,GINVA2-04,342,,,,78,,,1,0,,,,,
79,"VESTIDOS LARGOS MANGA SIN ESCOTE",GINBM-06,GINBM-06,584,,,,79,,,2,0,,,,,
80,BIKINI,GINFU2-58,GINFU2-58,485,,,,80,,,1,0,,,,,
81,BIKINI,GINVA-42,GINVA-42,288,,,,81,,,1,0,,,,,
82,BIKINI,GINBM1-01,GINBM1-01,312,,,,82,,,2,0,409,G,Verde,"",1
82,BIKINI,GINBM1-01,GINBM1-01,312,,,,82,,,2,0,410,M,Verde,"",1
83,"BLUSA SATIN ASIMÉTRICA",GINVA2-4,GINVA2-4,342,,,,83,,,0,0,,,,,
84,BIKINI,GINFU3-79,GINFU3-79,315,,,,84,,,1,0,,,,,
85,BIKINI,GINVA3-41,GINVA3-41,372,,,,85,,,1,0,,,,,
86,"BLUSA ASIMÉTRICA",GINBA1-46,GINBA1-46,352,,,,86,,,2,0,,,,,
87,BIKINI,GINVA3-05,GINVA3-05,355,,,,87,,,1,0,,,,,
88,"BLUSA ASIMÉTRICA SATIN",GINVA1-11,GINVA1-11,352,,,,88,,,1,0,,,,,
89,BIKINI,GINFU3-98,GINFU3-98,315,,,,89,,,1,0,,,,,
90,"BODYS MANGALARGAS DETALLES HOMBRO",GINBA1-50,GINBA1-50,249,,,,90,,,5,0,,,,,
91,BIKINI,GINDU9-63,GINDU9-63,435,,,,91,,,1,0,,,,,
92,BIKINI,GINFU2-10,GINFU2-10,285,,,,92,,,1,0,,,,,
93,"BLUSA ASIMETRICA",GINVA1-051,GINVA1-051,323,,,,93,,,2,0,,,,,
94,"VESTIDOS LARGOS CON AMARRE EN MA CINTURA",GINBA1-68,GINBA1-68,640,,,,94,,,2,0,,,,,
95,"BLUSA ASIMETRICA",GINVA1-09,GINVA1-09,352,,,,95,,,0,0,,,,,
96,BIKINI,MICM1-15,MICM1-15,365,,,,96,,,3,0,,,,,
97,"VESTIDOS LARGOS DE UN LADO",GINBA1-70,GINBA1-70,734,,,,97,,,1,0,,,,,
98,BIKINI,GINBM1-04,GINBM1-04,312,,,,98,,,1,0,,,,,
99,BIKINI,GINBM1-011,GINBM1-011,312,,,,99,,,1,0,,,,,
100,BIKINI,GINEU1-41,GINEU1-41,369,,,,100,,,1,0,,,,,
101,"VESTIDO LARGO SEDA ESCOTE ESPALDA",GINBA1-43,GINBA1-43,496,,,,101,,,2,0,,,,,
102,BIKINI,GINDU4-66,GINDU4-66,463,,,,102,,,1,0,,,,,
103,BIKINI,GINFU2-16,GINFU2-16,285,,,,103,,,1,0,,,,,
104,BIKINI,GINEO-04,GINEO-04,325,,,,104,,,1,0,,,,,
105,BIKINI,GINEU3-4,GINEU3-4,295,,,,105,,,1,0,,,,,
106,"VESTIDO LARGOS CON LÍNEAS BRILLO",GINBA1-17,GINBA1-17,455,,,,106,,,2,0,,,,,
107,BIKINI,GINEU2-042,GINEU2-042,315,,,,107,,,2,0,,,,,
108,"BLUSA ASIMETRICA",GINBA1-046,GINBA1-046,353,,,,108,,,2,0,,,,,
109,BIKINI,GINVA2-07,GINVA2-07,315,,,,109,,,1,0,,,,,
110,"BLUSA ASIMETRICA",GINVA2-020,GINVA2-020,353,,,,110,,,2,0,2,S,Negro,"",1
110,"BLUSA ASIMETRICA",GINVA2-020,GINVA2-020,353,,,,110,,,2,0,3,M,Negra,"",1
110,"BLUSA ASIMETRICA",GINVA2-020,GINVA2-020,353,,,,110,,,2,0,4,M,"Café","",1
111,BIKINI,GINVA2-03,GINVA2-03,287,,,,111,,,0,0,476,S,Vino,#831100,1
111,BIKINI,GINVA2-03,GINVA2-03,287,,,,111,,,0,0,477,M,Cafe,#583300,0
112,"VESTIDOS LARGOS TELA SASTRERA",GIMBMA-24,GINBMA-24,489,,,,112,,,5,0,,,,,
113,"BLUSA ASIMETRICA",GINVA1-011,GINVA1-011,342,,,,113,,,1,0,,,,,
114,"BLUSA ASIMETRICA",GINVA2-025,GINVA2-025,353,,,,114,,,1,0,,,,,
115,"VESTIDOS TELA SASTRERA CON CINTURÓN",GINBM1-21,GINBM1-21,503,,,,115,,,2,0,,,,,
116,"BLUSA ASIMETRICA",GINVA1-03,GINVA1-03,297,,,,116,,,1,0,,,,,
117,"BLUSA ASIMETRICA",GINVA2-051,GINVA2-051,323,,,,117,,,1,0,,,,,
118,"VESTIDOS LARGOS ARGOLLA EN LA CINTURA",GINBM1-20,GINBM1-20,489,,,,118,,,2,0,,,,,
119,"BLUSA GAZA ASIMÉTRICA",GINBA1-01,GINBA1-01,312,,,,119,,,1,0,,,,,
120,"VESTIDO LARGO ARENA OSCURITO ESCOTE",GINBA1-017,GINBA1-017,455,,,,120,,,1,0,,,,,
121,"BLUSA ASIMÉTRICA SATIN",GINVA1-07,GINVA1-07,352,,,,121,,,1,0,,,,,
122,BIKINI,GNEU-13,GNEU-13,357,,,,122,,,1,0,,,,,
123,"BLUSA ASIMETRICA",GINBA-46,GINBA-46,353,,,,123,,,1,0,,,,,
124,"BLUSA ASIMETRICA",GINVA1-012,GINVA1-012,352,,,,124,,,1,0,,,,,
125,BIKINI,GINFU3-76,GINFU3-76,355,,,,125,,,0,0,,,,,
126,"VESTIDOS LARGOS RUCHE EN EL PECHO",GINBM1-06,GINBM1-06,584,,,,126,,,2,0,,,,,
127,BIKINI,GINVA3-31,GINVA3-31,372,,,,127,,,1,0,,,,,
128,BIKINI,GNEU2-08,GNEU2-08,435,,,,128,,,0,0,,,,,
129,"VESTIDOS LARGOS BOTONES Y BOLSILLO",GINBM1-17,GINBM1-17,475,,,,129,,,2,0,,,,,
130,"BLUSA ASIMÉTRICA VERDE",GINVA2-017,GINVA2-017,321,,,,130,,,1,0,,,,,
131,"BLUSA ASIMETRICA",GINVA1-08,GINVA1-08,352,,,,131,,,1,0,,,,,
132,"BLUSA BLANCA RECTA",GINDU1-16,GINDU1-16,423,,,,132,,,0,0,,,,,
134,"ASIMÉTRICA A LARGA",GINVA1-10,GINVA1-10,372,,,,134,,,3,0,,,,,
135,"BLUSA ASIMÉTRICA CON DETALLA EN EL CUELLO",GINVA2-52,GINVA2-52,353,,,,135,,,1,0,289,S,Crema,"",0
135,"BLUSA ASIMÉTRICA CON DETALLA EN EL CUELLO",GINVA2-52,GINVA2-52,353,,,,135,,,1,0,290,S,Celeste,"",1
136,"BLUSA DE GAZA CON ESCOTE EN LA ESPALDA",GINVA2-26,GINVA2-26,285,,,,136,,,5,0,7,M,Guinda,"",1
136,"BLUSA DE GAZA CON ESCOTE EN LA ESPALDA",GINVA2-26,GINVA2-26,285,,,,136,,,5,0,8,S,Turquesa,"",1
136,"BLUSA DE GAZA CON ESCOTE EN LA ESPALDA",GINVA2-26,GINVA2-26,285,,,,136,,,5,0,9,S,Negra,"",1
136,"BLUSA DE GAZA CON ESCOTE EN LA ESPALDA",GINVA2-26,GINVA2-26,285,,,,136,,,5,0,10,M,Cafe,"",1
136,"BLUSA DE GAZA CON ESCOTE EN LA ESPALDA",GINVA2-26,GINVA2-26,285,,,,136,,,5,0,11,M,Dorada,"",1
137,"BLUSA SATIN AMARILLA",GINVA3-30,GINVA3-30,295,,,,137,,,1,0,12,S,Amarilla,"",1
138,"BLUSA SEDA",GINBA1-03,GINBA1-03,288,,,,138,,,13,0,13,Unica,Beige,"",2
138,"BLUSA SEDA",GINBA1-03,GINBA1-03,288,,,,138,,,13,0,14,Unica,Azul,"",2
138,"BLUSA SEDA",GINBA1-03,GINBA1-03,288,,,,138,,,13,0,15,"Única",Roja,"",2
138,"BLUSA SEDA",GINBA1-03,GINBA1-03,288,,,,138,,,13,0,16,"Única",Negra,"",4
138,"BLUSA SEDA",GINBA1-03,GINBA1-03,288,,,,138,,,13,0,17,Unica,Blanca,"",2
138,"BLUSA SEDA",GINBA1-03,GINBA1-03,288,,,,138,,,13,0,18,Unica,Cafe,"",1
140,"BLUSA SATIN CORTA",GINDU7-20,GINDU7-20,389,,,,140,,,1,0,25,L,Beige,"",1
141,"BLUSA DE GAZA CON VOLADOS",GINBA1-20,GINBA1-20,285,,,,141,,,1,0,26,G,Beige,"",1
142,"BLUSA MANGALARGA TRANSP.",GINVA1-19,GINVA1-19,299,,,,142,,,1,0,27,S,Cafe,"",1
143,"TOP LICRA ASIMETRICO",GINBM1-25,GINBM1-25,189,,,,143,,,2,0,195,Unica,Negra,"",1
143,"TOP LICRA ASIMETRICO",GINBM1-25,GINBM1-25,189,,,,143,,,2,0,196,Unica,Cafe,"",1
144,"BLUSA TIPO TOP CON ACCESORIOS EN EL PECHO",GINBM1-24,GINBM1-24,285,,,,144,,,2,0,193,Unica,"Café","",1
144,"BLUSA TIPO TOP CON ACCESORIOS EN EL PECHO",GINBM1-24,GINBM1-24,285,,,,144,,,2,0,194,Unica,Beige,"",1
145,"TOP LICRA CON ACCESORIOS EN EL HOMBRO",GINBM1-25-1,GINBM1-25-1,275,,,,145,,,4,0,174,Unica,Negra,"",1
145,"TOP LICRA CON ACCESORIOS EN EL HOMBRO",GINBM1-25-1,GINBM1-25-1,275,,,,145,,,4,0,175,Unica,Beige,"",1
145,"TOP LICRA CON ACCESORIOS EN EL HOMBRO",GINBM1-25-1,GINBM1-25-1,275,,,,145,,,4,0,176,Unica,Blanca,"",1
145,"TOP LICRA CON ACCESORIOS EN EL HOMBRO",GINBM1-25-1,GINBM1-25-1,275,,,,145,,,4,0,177,Unica,Verde,"",1
146,"BLUSA CON MOTAS",GINBA1-04,GINBA1-04,298,,,,146,,,1,0,36,M,"Café con motas","",1
147,"BLUSA TIPO TOP PRINCESA",GINBM1-0025,GINBM1-0025,199,,,,147,,,5,0,188,Unica,Cafe,"",1
147,"BLUSA TIPO TOP PRINCESA",GINBM1-0025,GINBM1-0025,199,,,,147,,,5,0,189,Unica,Beige,"",1
147,"BLUSA TIPO TOP PRINCESA",GINBM1-0025,GINBM1-0025,199,,,,147,,,5,0,190,Unica,Verde,"",1
147,"BLUSA TIPO TOP PRINCESA",GINBM1-0025,GINBM1-0025,199,,,,147,,,5,0,191,Unica,Camel,"",1
147,"BLUSA TIPO TOP PRINCESA",GINBM1-0025,GINBM1-0025,199,,,,147,,,5,0,192,Unica,Negra,"",1
148,"BLUSA LICRA AMARRE DE UN HOMBRO",GINBM1-82,GINBM1-82,262,,,,148,,,4,0,43,Unica,Negra,"",1
148,"BLUSA LICRA AMARRE DE UN HOMBRO",GINBM1-82,GINBM1-82,262,,,,148,,,4,0,44,Unica,Guinda,"",1
148,"BLUSA LICRA AMARRE DE UN HOMBRO",GINBM1-82,GINBM1-82,262,,,,148,,,4,0,45,Unica,Cafe,"",1
148,"BLUSA LICRA AMARRE DE UN HOMBRO",GINBM1-82,GINBM1-82,262,,,,148,,,4,0,46,Unica,Beige,"",1
149,"BLUSA TOP CON DETALLE DE MADERA",GINBM1-00025,GINBM1-00025,265,,,,149,,,5,0,184,Unica,Blanca,"",1
149,"BLUSA TOP CON DETALLE DE MADERA",GINBM1-00025,GINBM1-00025,265,,,,149,,,5,0,185,Unica,Beige,"",1
149,"BLUSA TOP CON DETALLE DE MADERA",GINBM1-00025,GINBM1-00025,265,,,,149,,,5,0,186,Unica,Cafe,"",2
149,"BLUSA TOP CON DETALLE DE MADERA",GINBM1-00025,GINBM1-00025,265,,,,149,,,5,0,187,"Única",Negra,"",1
150,"BLUSA DE TIROS LINO",GINBA1-51,GINBA1-51,239,,,,150,,,1,0,54,Unica,Blanca,"",1
151,"BLUSA LICRA SIN MANGAS",GINFU2-26,GINFU2-26,295,,,,151,,,1,0,55,S,Blanca,"",1
152,"BLUSA LICRA CON ESCOTE EN LA ESPALDA",GINDU3-43,GINDU3-43,353,,,,152,,,1,0,56,S,Beige,"",1
153,"TOP CAMISETA CON AMARRE EN LA CINTURA",GINBA1-81,GINBA1-81,238,,,,153,,,2,0,178,Unica,Camel,"",1
153,"TOP CAMISETA CON AMARRE EN LA CINTURA",GINBA1-81,GINBA1-81,238,,,,153,,,2,0,179,Unica,Crema,"",1
154,"BODDY MANGALARGA CUELLOS CUADRADO",GINBA1-79,GINBA1-79,262,,,,154,,,6,0,64,Unica,Crema,"",1
154,"BODDY MANGALARGA CUELLOS CUADRADO",GINBA1-79,GINBA1-79,262,,,,154,,,6,0,65,"Única",Cafe,"",2
154,"BODDY MANGALARGA CUELLOS CUADRADO",GINBA1-79,GINBA1-79,262,,,,154,,,6,0,66,Unica,Camel,"",1
154,"BODDY MANGALARGA CUELLOS CUADRADO",GINBA1-79,GINBA1-79,262,,,,154,,,6,0,67,Unica,Guindo,"",1
154,"BODDY MANGALARGA CUELLOS CUADRADO",GINBA1-79,GINBA1-79,262,,,,154,,,6,0,68,"Única",Azul,"",1
155,"MANGALARGA CON CUELLO Y ESCOTE EN LA ESPALDA",GINBA1-78,GINBA1-78,282,,,,155,,,6,0,69,Unica,"Café","",2
155,"MANGALARGA CON CUELLO Y ESCOTE EN LA ESPALDA",GINBA1-78,GINBA1-78,282,,,,155,,,6,0,70,Unica,Camel,"",2
155,"MANGALARGA CON CUELLO Y ESCOTE EN LA ESPALDA",GINBA1-78,GINBA1-78,282,,,,155,,,6,0,71,Unica,Crema,"",2
156,"BODDY ASIMETRICO",GINBA1-80,GINBA1-80,252,,,,156,,,2,0,74,Unica,Negra,"",1
156,"BODDY ASIMETRICO",GINBA1-80,GINBA1-80,252,,,,156,,,2,0,75,Unica,Cafe,"",2
157,"BODDY CAMISETA CON ACCESORIO DORADO EN EL ADELANTE",GINBA1-49,GINBA1-49,219,,,,157,,,7,0,76,Unica,Cafe,"",4
157,"BODDY CAMISETA CON ACCESORIO DORADO EN EL ADELANTE",GINBA1-49,GINBA1-49,219,,,,157,,,7,0,77,Unica,Beige,"",2
157,"BODDY CAMISETA CON ACCESORIO DORADO EN EL ADELANTE",GINBA1-49,GINBA1-49,219,,,,157,,,7,0,78,Unica,Negra,"",1
158,"BODDY SHEIN",GINFU2-29,GINFU2-29,315,,,,158,,,1,0,,,,,
159,"VESTIDO LARGO DE LINO GRUESO",GINBM1-021,GINBM1-021,503,,,,159,,,3,0,79,Unica,Camel,"",2
159,"VESTIDO LARGO DE LINO GRUESO",GINBM1-021,GINBM1-021,503,,,,159,,,3,0,80,Unica,Blanca,"",1
160,"VESTIDO LARGO LINO GRUESO",GINBM1-23,GINBM1-23,458,,,,160,,,1,0,82,Unica,"Café","",1
161,"VESTIDO LARGO DE TIROS",GINBM1-024,GINBM1-024,489,,,,161,,,1,0,1044,Unica,Beige,#fff2d5,2
161,"VESTIDO LARGO DE TIROS",GINBM1-024,GINBM1-024,489,,,,161,,,1,0,1045,UNICA,"CAFÉ",#5c0701,1
161,"VESTIDO LARGO DE TIROS",GINBM1-024,GINBM1-024,489,,,,161,,,1,0,1046,UNICA,GUINDA,#791a3d,1
162,"VESTIDO CORTO CON BOLADOS",GINBM1-18,GINBM1-18,450,,,,162,,,5,0,89,Unica,Beige,"",1
162,"VESTIDO CORTO CON BOLADOS",GINBM1-18,GINBM1-18,450,,,,162,,,5,0,90,Unica,Cafe,"",1
162,"VESTIDO CORTO CON BOLADOS",GINBM1-18,GINBM1-18,450,,,,162,,,5,0,91,Unica,Guinda,"",1
162,"VESTIDO CORTO CON BOLADOS",GINBM1-18,GINBM1-18,450,,,,162,,,5,0,92,Unica,Azul,"",1
162,"VESTIDO CORTO CON BOLADOS",GINBM1-18,GINBM1-18,450,,,,162,,,5,0,93,Unica,Verde,"",1
163,"ENTERIZO CORTO",GINBM1-020,GINBM1-020,435,,,,163,,,2,0,94,Unica,Beige,"",1
163,"ENTERIZO CORTO",GINBM1-020,GINBM1-020,435,,,,163,,,2,0,95,Unica,"Café","",1
164,"VESTIDO DE GAZA",GINBM1-22,GINBM1-22,467,,,,164,,,2,0,96,"Única",Cafe,"",1
164,"VESTIDO DE GAZA",GINBM1-22,GINBM1-22,467,,,,164,,,2,0,97,Unica,Beige,"",1
165,"VESTIDO CORTO AMARRE EN EL CUELLO",GINBM1-018,GINBM1-018,415,,,,165,,,4,0,98,"Única",Beige,"",1
165,"VESTIDO CORTO AMARRE EN EL CUELLO",GINBM1-018,GINBM1-018,415,,,,165,,,4,0,99,Unica,Azul,"",1
165,"VESTIDO CORTO AMARRE EN EL CUELLO",GINBM1-018,GINBM1-018,415,,,,165,,,4,0,100,Unica,Cafe,"",1
165,"VESTIDO CORTO AMARRE EN EL CUELLO",GINBM1-018,GINBM1-018,415,,,,165,,,4,0,101,"Única",Guindo,"",1
166,"VESTIDO CORTO DE TIROS CON ACCESORIO ADELANTE",GIMBM1-18-1,GIMBM1-18-1,455,,,,166,,,4,0,105,Unica,Cafe,"",1
166,"VESTIDO CORTO DE TIROS CON ACCESORIO ADELANTE",GIMBM1-18-1,GIMBM1-18-1,455,,,,166,,,4,0,106,Unica,Amarillo,"",1
166,"VESTIDO CORTO DE TIROS CON ACCESORIO ADELANTE",GIMBM1-18-1,GIMBM1-18-1,455,,,,166,,,4,0,107,Unica,Camel,"",2
167,"CORSET SATINADO",INT-Q04NMW,2958907125655,432,,,,167,,,1,0,108,S,Negro,"",0
167,"CORSET SATINADO",INT-Q04NMW,2958907125655,432,,,,167,,,1,0,109,S,Beige,#fff2d5,0
167,"CORSET SATINADO",INT-Q04NMW,2958907125655,432,,,,167,,,1,0,110,S,Dorado,#ffd977,1
168,AROS,INT-BXRXQV,4236827647883,189,,,,168,,,0,0,,,,,
169,"BLUSA DORADA",INT-7FF118,2898151530433,285,,,,169,,,0,0,,,,,
170,"FALDA SATINADA CORTA",INT-O9NSVS,1580358922067,342,,,,170,,,0,0,,,,,
172,"CHAQUETAS CUERO",INT-OHNCFD,5481479362113,599,,,,172,,,1,0,111,M,Negro,#000000,0
172,"CHAQUETAS CUERO",INT-OHNCFD,5481479362113,599,,,,172,,,1,0,112,G,Negro,#000000,1
173,BIKINI,INT-9632VS,5157358475211,315,,,,173,,,0,0,,,,,
174,"VESTIDO HILO ROSA",INT-KQ96Y9,7738056805012,489,,,,174,,,0,0,,,,,
175,"BIKINI AZUL",INT-UTLHEA,3179396815950,312,,,,175,,,0,0,,,,,
176,"CHAQUETA CUERO",INT-UPVCCW,7158365870035,816,,,,176,,,0,0,,,,,
177,BODYS,INT-CXHTPN,4962020814813,282,,,,177,,,1,0,113,"Única","Café",#5a1c00,0
177,BODYS,INT-CXHTPN,4962020814813,282,,,,177,,,1,0,114,"Única",Camel,#ad3e00,1
177,BODYS,INT-CXHTPN,4962020814813,282,,,,177,,,1,0,115,"Única",Beige,#fefcdd,0
180,"POLERA LARGA CON ENCAJE",INT-OETJF0,8980975805027,335,,,,179,,,2,0,126,"Únicas",Negro,#000000,1
180,"POLERA LARGA CON ENCAJE",INT-OETJF0,8980975805027,335,,,,179,,,2,0,127,"Únicas",Blanco,#ffffff,1
181,"VESTIDO DE GAZA CORTO",GINBM22,GINBM22,467,,,,180,,,1,0,128,Unica,Beige,#ffecd4,1
182,"VESTIDO CORTO DE TIROS",GINBM1-05,GINBM1-05,422,,,,181,,,1,0,139,Unica,Rosado,#ee719e,1
183,"CHAMARRAS DE CUERO (NC)",GINAM1-01,GINAM1-01,505,,,,182,,,0,0,851,L,Beige,#c8aa6a,0
183,"CHAMARRAS DE CUERO (NC)",GINAM1-01,GINAM1-01,505,,,,182,,,0,0,852,2XL,Camel,#a96800,0
183,"CHAMARRAS DE CUERO (NC)",GINAM1-01,GINAM1-01,505,,,,182,,,0,0,853,XL,Plomo,#5c5c5c,1
183,"CHAMARRAS DE CUERO (NC)",GINAM1-01,GINAM1-01,505,,,,182,,,0,0,854,L,Plomo,#5c5c5c,1
183,"CHAMARRAS DE CUERO (NC)",GINAM1-01,GINAM1-01,505,,,,455,13,GAIA,2,0,851,L,Beige,#c8aa6a,0
183,"CHAMARRAS DE CUERO (NC)",GINAM1-01,GINAM1-01,505,,,,455,13,GAIA,2,0,852,2XL,Camel,#a96800,0
183,"CHAMARRAS DE CUERO (NC)",GINAM1-01,GINAM1-01,505,,,,455,13,GAIA,2,0,853,XL,Plomo,#5c5c5c,1
183,"CHAMARRAS DE CUERO (NC)",GINAM1-01,GINAM1-01,505,,,,455,13,GAIA,2,0,854,L,Plomo,#5c5c5c,1
184,"TOP LICRA",GINBM1-025,7116599254755,275,,,,183,,,3,0,,,,,
185,"CHAMARRA DE CUERO",GINAMI-02,GINAMI-02,470,,,,184,,,5,0,168,L,"Café",#583300,1
185,"CHAMARRA DE CUERO",GINAMI-02,GINAMI-02,470,,,,184,,,5,0,169,L,Guinda,#551029,1
185,"CHAMARRA DE CUERO",GINAMI-02,GINAMI-02,470,,,,184,,,5,0,170,2XL,Ploma,#707070,1
185,"CHAMARRA DE CUERO",GINAMI-02,GINAMI-02,470,,,,184,,,5,0,171,Xl,Ploma,#5c5c5c,1
185,"CHAMARRA DE CUERO",GINAMI-02,GINAMI-02,470,,,,184,,,5,0,172,M,Ploma,#5c5c5c,1
185,"CHAMARRA DE CUERO",GINAMI-02,GINAMI-02,470,,,,184,,,5,0,173,S,Ploma,#707070,0
186,"CHAMARRA DE CUERO",GINABA1-110,GINABA1-110,732,,,,185,,,1,0,197,M,Negra,"",1
186,"CHAMARRA DE CUERO",GINABA1-110,GINABA1-110,732,,,,185,,,1,0,198,M,Cafe,#5a1c00,0
187,"CHAMARRA DE CUERO",GINBA1-113,GINBA1-113,599,,,,186,,,1,0,199,G,Negra,"",1
188,"CHAMARRA DE  CUERO",GINBA1-109,GINBA1-109,816,,,,187,,,1,0,200,M,Cafe,#5a1c00,1
189,"CHAMARRA JEANS",GINBA1-85,GINBA1-85,455,,,,188,,,3,0,201,M,Celeste,#01c7fc,1
189,"CHAMARRA JEANS",GINBA1-85,GINBA1-85,455,,,,188,,,3,0,202,M,Beige,#ffecd4,1
189,"CHAMARRA JEANS",GINBA1-85,GINBA1-85,455,,,,188,,,3,0,203,M,"Café",#7b2900,1
190,CARTERA,GINBA1-027,GINBA1-027,412,,,,189,,,0,0,,,,,
191,"CALZA TIPO CUERO",GINBA1-95,GINBA1-95,275,,,,190,,,2,0,204,P,Negra,"",1
191,"CALZA TIPO CUERO",GINBA1-95,GINBA1-95,275,,,,190,,,2,0,205,P,"Café",#3c071b,1
192,"CONJUNTO DE FRIO",GINBA1-103,GINBA1-103,716,,,,191,,,2,0,895,Unica,Guinda,#791a3d,1
192,"CONJUNTO DE FRIO",GINBA1-103,GINBA1-103,716,,,,191,,,2,0,896,Unica,Azul,#012f7b,1
193,BIKINI,GINDV1-108,GINDV1-108,387,,,,192,,,1,0,208,S,Blanco,#ffffff,1
194,BIKINI,GINEU3-24,GINEU3-24,285,,,,193,,,1,0,209,S,Blanco,#ffffff,1
195,BIKINI,GINEU2-62,GINEU2-62,325,,,,194,,,1,0,210,M,Blanco,#ffffff,1
196,"BIKINI COLOMBIANO",MICM1-24,MICM1-24,503,,,,195,,,2,0,211,S,Dorado,#d19d01,1
196,"BIKINI COLOMBIANO",MICM1-24,MICM1-24,503,,,,195,,,2,0,212,M,Negro,"",1
197,"BIKINI COLOMBIANO",MICM1-02,MICM1-02,513,,,,196,,,1,0,213,M,Dorado,#d19d01,1
198,"BIKINI COLOMBIANO",MICM1-26,MICM1-26,503,,,,197,,,1,0,214,M,Dorado,#d19d01,1
199,BIKINI,GINVA3-32,GINVA3-32,372,,,,198,,,1,0,215,S,Dorado,#d19d01,1
200,BIKINI,GINFU3-83,GINFU3-83,355,,,,199,,,1,0,219,S,Beich,#563d00,1
201,"BIKINI COLOMBIANO",MICM1-20,MICM1-20,493,,,,200,,,1,0,220,S,Perla,"",1
202,BIKINI,GNEU-21,GNEU-21,367,,,,201,,,1,0,221,S,Perla,"",1
203,BIKINI,GINDU1-37,GINDU1-37,337,,,,202,,,1,0,222,S,Perla,"",1
204,"CONJUNTO DE FRIO",GINBA1-100,GINBA1-100,646,,,,203,,,10,0,883,P,Beige,#ffecd4,1
204,"CONJUNTO DE FRIO",GINBA1-100,GINBA1-100,646,,,,203,,,10,0,884,M,Beige,#ffecd4,1
204,"CONJUNTO DE FRIO",GINBA1-100,GINBA1-100,646,,,,203,,,10,0,885,G,Beige,#ffecd4,1
204,"CONJUNTO DE FRIO",GINBA1-100,GINBA1-100,646,,,,203,,,10,0,886,P,Cafe,#5a1c00,2
204,"CONJUNTO DE FRIO",GINBA1-100,GINBA1-100,646,,,,203,,,10,0,887,M,Cafe,#5c0701,1
204,"CONJUNTO DE FRIO",GINBA1-100,GINBA1-100,646,,,,203,,,10,0,888,G,Cafe,#5c0701,1
204,"CONJUNTO DE FRIO",GINBA1-100,GINBA1-100,646,,,,203,,,10,0,889,G,Negra,"",1
204,"CONJUNTO DE FRIO",GINBA1-100,GINBA1-100,646,,,,203,,,10,0,890,P,Negra,"",2
205,"CONJUNTO DE FRIO",GINBA1-99,GINBA1-99,626,,,,204,,,4,0,891,GG,Camel,#7b2900,1
205,"CONJUNTO DE FRIO",GINBA1-99,GINBA1-99,626,,,,204,,,4,0,892,M,"Café",#5c0701,1
205,"CONJUNTO DE FRIO",GINBA1-99,GINBA1-99,626,,,,204,,,4,0,893,GG,Cafe,#3c071b,1
205,"CONJUNTO DE FRIO",GINBA1-99,GINBA1-99,626,,,,204,,,4,0,894,G,Negro,"",1
206,BIKINI,GINVA3-12,GINVA3-12,444,,,,205,,,1,0,235,S,Perla,"",1
207,BIKINI,GINFU3-75,GINFU3-75,355,,,,,,,,,236,M,Perla,"",1
208,"CONJUNTO MANGALARGA",GINBA1-101,GINBA1-101,646,,,,206,,,9,0,237,G,Beige,#ffecd4,2
208,"CONJUNTO MANGALARGA",GINBA1-101,GINBA1-101,646,,,,206,,,9,0,238,M,Cafe,#3c071b,2
208,"CONJUNTO MANGALARGA",GINBA1-101,GINBA1-101,646,,,,206,,,9,0,239,M,Camel,#7b2900,1
208,"CONJUNTO MANGALARGA",GINBA1-101,GINBA1-101,646,,,,206,,,9,0,240,G,Negra,"",1
209,"BIKINI COLOMBIANO",MICM1-17,MICM1-17,469,,,,207,,,1,0,241,L,Negro,"",1
210,"CONJUNTO TIPO LANITA CON CUELLO",GINBA1-97,GINBA1-97,599,,,,208,,,7,0,242,M,Beige,#fff2d5,0
210,"CONJUNTO TIPO LANITA CON CUELLO",GINBA1-97,GINBA1-97,599,,,,208,,,7,0,243,G,Beige,#fff2d5,1
210,"CONJUNTO TIPO LANITA CON CUELLO",GINBA1-97,GINBA1-97,599,,,,208,,,7,0,244,M,Camel,#ad3e00,1
210,"CONJUNTO TIPO LANITA CON CUELLO",GINBA1-97,GINBA1-97,599,,,,208,,,7,0,245,G,Camel,#ad3e00,1
210,"CONJUNTO TIPO LANITA CON CUELLO",GINBA1-97,GINBA1-97,599,,,,208,,,7,0,246,M,"Café claro",#7a4a00,0
210,"CONJUNTO TIPO LANITA CON CUELLO",GINBA1-97,GINBA1-97,599,,,,208,,,7,0,247,M,Cafe,#5c0701,1
210,"CONJUNTO TIPO LANITA CON CUELLO",GINBA1-97,GINBA1-97,599,,,,208,,,7,0,248,G,Cafe,#5c0701,1
210,"CONJUNTO TIPO LANITA CON CUELLO",GINBA1-97,GINBA1-97,599,,,,208,,,7,0,249,M,Negro,"",1
210,"CONJUNTO TIPO LANITA CON CUELLO",GINBA1-97,GINBA1-97,599,,,,208,,,7,0,250,G,Negro,"",1
211,BIKINI,GINFU3-80,GINFU3-80,315,,,,209,,,1,0,251,M,Fucsia,"",1
212,"CONJUNTO TEJIDO CUELLO",GINBA1-98,GINBA1-98,615,,,,210,,,6,0,252,M,Beige,#ffecd4,1
212,"CONJUNTO TEJIDO CUELLO",GINBA1-98,GINBA1-98,615,,,,210,,,6,0,253,G,Beige,#ffecd4,1
212,"CONJUNTO TEJIDO CUELLO",GINBA1-98,GINBA1-98,615,,,,210,,,6,0,254,G,Camel,#ad3e00,1
212,"CONJUNTO TEJIDO CUELLO",GINBA1-98,GINBA1-98,615,,,,210,,,6,0,255,M,Camel,#ad3e00,1
212,"CONJUNTO TEJIDO CUELLO",GINBA1-98,GINBA1-98,615,,,,210,,,6,0,256,M,Cafe,#5c0701,1
212,"CONJUNTO TEJIDO CUELLO",GINBA1-98,GINBA1-98,615,,,,210,,,6,0,257,M,Negro,"",1
213,"CONJUNTO DE FRIO",GINBA1-102,GINBA1-102,656,,,,211,,,2,0,881,P,"Café",#3c071b,1
213,"CONJUNTO DE FRIO",GINBA1-102,GINBA1-102,656,,,,211,,,2,0,882,M,Negro,"",1
214,"PAÑOLETAS MULTICOLORES",PNLT-123,PNLT-123,180,,,,212,,,11,0,264,Unica,Multicolor,"",10
215,"SALIDA DE BAÑO",MI-01,MI-01,213,,,,213,,,1,0,265,"Única",Blanco,"",1
216,"SALIDA DE BAÑO",MI-02,MI-02,213,,,,214,,,1,0,266,"Única",Crema,"",1
217,"SALIDA DE BAÑO",MI-03,MI-03,213,,,,215,,,1,0,267,"Única",Celeste,"",1
218,"SALIDA DE BAÑO",MI-04,MI-04,213,,,,216,,,1,0,268,"Única",Arena,"",1
219,"SALIDA DE BAÑO",GINFU3-42,GINFU3-42,213,,,,217,,,1,0,269,"Única",Blanco,"",1
220,"SALIDA DE BAÑO",MI-05,MI-05,180,,,,218,,,1,0,270,"Única",Verde,"",1
221,"SALIDA DE BAÑO",MI-06,MI-06,180,,,,219,,,1,0,271,"Única",Fucsia,"",1
222,"SALIDA DE BAÑO",MI-07,MI-07,180,,,,220,,,1,0,272,"Única",Rosado,"",1
223,"SALIDA DE BAÑO",MI-08,MI-08,213,,,,221,,,1,0,281,"Única",Blanco,"",2
224,"SALIDA DE BAÑO",MI-09,MI-09,213,,,,222,,,1,0,274,"Única",Blanco,"",1
225,"SALIDA DE BAÑO CORTO",GINFU2-47,GINFU2-47,213,,,,223,,,1,0,276,"Única",Blanco,"",1
226,"SALIDA DE BAÑO",GINFU3-40,GINFU3-40,213,,,,224,,,0,0,277,"Única",Blanco,"",0
227,"SALIDA SE BAÑO",MI-10,MI-10,213,,,,225,,,1,0,278,"Única",Blanco,"",1
228,"SALIDA DE BAÑO",GINFU3-13,GINFU3-13,213,,,,226,,,1,0,279,"Única",Blanco,"",1
229,"SALIDA DE BAÑO",MI-11,MI-11,213,,,,227,,,1,0,280,"Única",Crema,"",1
230,"SALIDA DE BAÑO",MI-12,MI-12,215,,,,228,,,1,0,282,"Única",Blanco,"",1
231,"SALIDA DE BAÑO",MI-13,MI-13,215,,,,229,,,1,0,283,"Única",Blanco,"",1
232,"SALIDA DE BAÑO",MI-14,MI-14,215,,,,230,,,1,0,284,"Única",Blanco,"",1
233,"SALIDA DE BAÑO",MI-15,MI-15,215,,,,231,,,1,0,285,"Única",Blanco,"",1
234,"SALIDA DE BAÑO LARGA",MI-16,MI-16,255,,,,232,,,1,0,286,S,Blanco,"",1
235,"SALIDA DE BAÑO",MI-17,MI-17,180,,,,233,,,1,0,287,S,Perla,"",1
236,GAFAS,IGG-01,IGG-01,220,,,,234,,,0,0,288,U,Cafe,"",0
237,"VESTIDO CORTO LIZO ADELANTE",GINBM1-18-2,GINBM1-18-2,388,,,,235,,,2,0,291,Unica,Camel,#7b2900,1
237,"VESTIDO CORTO LIZO ADELANTE",GINBM1-18-2,GINBM1-18-2,388,,,,235,,,2,0,292,Unica,Guindo,#551029,1
238,BUFANDAS,BFND-123,BFND-123,180,,,,236,,,5,0,293,Unica,Multicolores,"",5
239,"GAFAS MUI",MIU-1,MIU-1,250,,,,237,,,3,0,339,Unica,Negra,"",2
239,"GAFAS MUI",MIU-1,MIU-1,250,,,,237,,,3,0,340,Unica,Guinda,#99244f,1
239,"GAFAS MUI",MIU-1,MIU-1,250,,,,237,,,3,0,341,Unica,Cafe,#5c0701,1
240,"GAFAS CHANNEL",CHN-2,CHN-2,250,,,,238,,,2,0,296,Unica,Negra,"",2
241,"GAFAS VERSAGE",VRSG-3,VRSG-3,250,,,,239,,,1,0,297,"Única",Color,#5a1c00,1
242,"GAFAS DIOR",DR-4,DR-4,200,,,,240,,,3,0,298,Unica,Negra,"",2
242,"GAFAS DIOR",DR-4,DR-4,200,,,,240,,,3,0,299,Unica,Cafe,#551029,1
243,"GAFAS CELINE",CLN-6,CLN-6,180,,,,241,,,1,0,300,Unica,Negra,"",1
244,"ARMANI GAFAS",ARM-7,ARM-7,180,,,,242,,,1,0,301,Unica,Negra,"",1
245,GAFAS,SM-8,SM-8,180,,,,243,,,3,0,302,Unica,Negra,"",2
245,GAFAS,SM-8,SM-8,180,,,,243,,,3,0,303,Unica,Cafe,#551029,1
246,"GAFAS LOUIS VUITTON",LSVTT-9,LSVTT-9,180,,,,244,,,1,0,338,Unica,Negra,"",2
247,"GAFAS GUCCI",GCC-5,GCC-5,190,,,,245,,,1,0,305,"","","",1
248,"GAFAS RAY BAN",RYBN-10,RYBN-10,200,,,,246,,,3,0,306,Unica,Negra,"",1
248,"GAFAS RAY BAN",RYBN-10,RYBN-10,200,,,,246,,,3,0,307,Unica,Cafe,#5c0701,2
249,"CARTERA H",GINBA-01,GINBA-01,428,,,,247,,,5,0,308,Unica,Beige,#ffecd4,2
249,"CARTERA H",GINBA-01,GINBA-01,428,,,,247,,,5,0,309,Unica,Camel,#ad3e00,2
249,"CARTERA H",GINBA-01,GINBA-01,428,,,,247,,,5,0,310,Unica,Cafe,#5a1c00,1
250,CARTERAV&V,MADC-015,MADC-015,550,,,,248,,,1,0,311,Unica,Beige,#ffecd4,1
251,"CARTERA V&V",MACD-001,MACD-001,489,,,,249,,,1,0,326,Unica,Negra,"",1
251,"CARTERA V&V",MACD-001,MACD-001,489,,,,249,,,1,0,327,Unica,Guinda,#551029,1
252,"CARTERA CON TACHAS",GINBA-04,GINBA-04,455,,,,250,,,3,0,313,Unica,Camel,#ad3e00,1
252,"CARTERA CON TACHAS",GINBA-04,GINBA-04,455,,,,250,,,3,0,314,Unica,Cafe,#5a1c00,1
252,"CARTERA CON TACHAS",GINBA-04,GINBA-04,455,,,,250,,,3,0,315,Unica,Negra,"",1
253,CARTERA,GINBA-09,GINBA-09,439,,,,251,,,2,0,316,Unica,Beige,#fff2d5,1
253,CARTERA,GINBA-09,GINBA-09,439,,,,251,,,2,0,317,Unica,Guinda,#791a3d,1
254,"CARTERA CON BOTÓN DORADO",GINBA-07,GINBA-07,458,,,,252,,,1,0,318,Unica,Camel,#ad3e00,1
255,"CARTERA BERELIN",GONBA-05,GINBA-05,495,,,,253,,,0,0,959,Unica,"Café y beige",#5c0701,1
255,"CARTERA BERELIN",GONBA-05,GINBA-05,495,,,,253,,,0,0,960,UNICA,"CAFÉ Y CAMEL",#ad3e00,1
255,"CARTERA BERELIN",GONBA-05,GINBA-05,495,,,,476,12,"OULET GAIA",1,0,959,Unica,"Café y beige",#5c0701,1
255,"CARTERA BERELIN",GONBA-05,GINBA-05,495,,,,476,12,"OULET GAIA",1,0,960,UNICA,"CAFÉ Y CAMEL",#ad3e00,1
255,"CARTERA BERELIN",GONBA-05,GINBA-05,495,,,,475,13,GAIA,1,0,959,Unica,"Café y beige",#5c0701,1
255,"CARTERA BERELIN",GONBA-05,GINBA-05,495,,,,475,13,GAIA,1,0,960,UNICA,"CAFÉ Y CAMEL",#ad3e00,1
256,"CARTERA M",GINBA-16,GINBA-16,517,,,,254,,,1,0,320,Unic,Cafe,#5c0701,1
257,CARTERA,GINBA-08,GINBA-08,457,,,,255,,,2,0,321,Unica,Negra,"",1
257,CARTERA,GINBA-08,GINBA-08,457,,,,255,,,2,0,322,Unica,Camel,#ad3e00,1
258,"CARTERA CON CADENA",MADC-010,MADC-010,493,,,,256,,,3,0,332,Unica,Plomo,#5c5c5c,1
258,"CARTERA CON CADENA",MADC-010,MADC-010,493,,,,256,,,3,0,333,Unica,Negra,"",1
258,"CARTERA CON CADENA",MADC-010,MADC-010,493,,,,256,,,3,0,334,Unica,Guinda,#551029,1
258,"CARTERA CON CADENA",MADC-010,MADC-010,493,,,,256,,,3,0,335,Unica,Beige,#ffecd4,1
259,"FALDA CORTA SATINADA",GINVA2-042,GINVA2-042,359,,,,257,,,0,0,,,,,
260,"CARTERA V&V",MADC-009,MADC-009,523,,,,258,,,2,0,336,Unica,Negro,"",1
260,"CARTERA V&V",MADC-009,MADC-009,523,,,,258,,,2,0,337,Unica,Camel,#7b2900,1
261,CARTERA,MADC-004,MADC-004,577,,,,259,,,1,0,343,Unica,Beige,#ffecd4,1
262,"CARTERA BANDOLERA",MADC-021,"MADC -021",413,,,,260,,,1,0,344,Unica,Beige,#ffecd4,1
263,"CARTERA TIPO BOLSO",MADC-012,MADC-012,545,,,,261,,,3,0,345,Unica,Negra,"",1
263,"CARTERA TIPO BOLSO",MADC-012,MADC-012,545,,,,261,,,3,0,346,Unica,Blanco,#ffffff,1
263,"CARTERA TIPO BOLSO",MADC-012,MADC-012,545,,,,261,,,3,0,347,Unica,Beige,#fff2d5,1
264,"VESTIDO GAZA CON MANGAS",GINBA1-14,GINBA1-14,462,,,,262,,,2,0,348,"Única",Naranja,#da5100,1
264,"VESTIDO GAZA CON MANGAS",GINBA1-14,GINBA1-14,462,,,,262,,,2,0,349,"Única",Verde,#b1dd8b,1
264,"VESTIDO GAZA CON MANGAS",GINBA1-14,GINBA1-14,462,,,,262,,,2,0,350,"Única",Crema,#fefcdd,0
265,"VESTIDO CORTO MANGAS",GINBA1-63,GINBA1-63,472,,,,263,,,2,0,351,"Única",Vino,#791a3d,1
265,"VESTIDO CORTO MANGAS",GINBA1-63,GINBA1-63,472,,,,263,,,2,0,352,"Única","Café",#a96800,1
265,"VESTIDO CORTO MANGAS",GINBA1-63,GINBA1-63,472,,,,263,,,2,0,353,"Única","Café oscuro",#5a1c00,0
266,CARTERA,MADC-013,MADC-013,535,,,,264,,,2,0,354,"Única",Blanca,#ffffff,1
266,CARTERA,MADC-013,MADC-013,535,,,,264,,,2,0,355,"Única",Negra,"",1
267,"CARTERA G",MADC-017,MADC-017,549,,,,265,,,1,0,358,Unica,Celeste,#74a7ff,1
267,"CARTERA G",MADC-017,MADC-017,549,,,,265,,,1,0,359,Unica,Beige,#fff2d5,1
268,"CARTERA JEANS",MADC-016,MADC-016,535,,,,266,,,1,0,357,Unica,Celeste,#a7c6ff,1
269,"CARTERA TIPO BANDOLERA CON CADENA",MADC-005,MADC-005,515,,,,267,,,0,0,360,Unica,Negra,"",0
270,"CARTERA G",MADC-006,MADC-006,610,,,,268,,,1,0,361,Unica,Beige,#ffecd4,1
271,"CARTERA g",MADC-003,MADC-003,540,,,,269,,,1,0,362,Unica,Beige,#ffecd4,1
272,"CARTERA G",MADC-019,MADC-019,549,,,,270,,,1,0,363,Unica,Beige,#ffecd4,1
273,"CARTERA DE MANO",GINBA1-020,GINBA1-020,452,,,,271,,,2,0,370,Unica,Plateada,#d6d6d6,1
273,"CARTERA DE MANO",GINBA1-020,GINBA1-020,452,,,,271,,,2,0,371,Unica,Dorada,#fefb41,1
274,"AROS PLATEADOS",SINCODIGO,SINCODIGO,150,,,,272,,,0,0,,,,,
275,"SET COLLARES PLAYEROS",SINCODIGO-01,SINCODIGO-01,215,,,,273,,,0,0,,,,,
276,"BIKINI CON ARGOLLAS",GINEU1-13,GINEU1-13,357,,,,274,,,0,0,,,,,
277,"BIKINI CAFÉ",GINVA3-001,GINVA3-001,295,,,,275,,,0,0,,,,,
278,"BIKINI SET",GNEU-58,GNEU-58,495,,,,276,,,0,0,376,M,Cafe,#583300,0
279,"BIKINI SET",MIS-01,MIS-01,385,,,,277,,,0,0,377,S,Verde,#4e7a27,0
280,"SALIDA DE BAÑO LARGA",GINEU1-33,GINEU1-33,255,,,,278,,,1,0,378,S,Blanco,#ffffff,1
281,"COLLAR PLAYERO",MIC-01,MIC-01,210,,,,279,,,0,0,,,,,
282,"AROS PLAYERO",ABS-19,ABS-19,169,,,,280,,,0,0,,,,,
283,ACCESORIOS,MIAC-01,MIAC-01,60,,,,281,,,0,0,,,,,
284,"SALIDA DE BAÑO LARGO",GINFU3-56,GINFU3-56,255,,,,282,,,1,0,379,M,Piel,#ffa57d,1
285,"CARTERA MIU",GINBA-029,GINBA-029,425,,,,283,,,2,0,380,UNICA,PLATEADA,#adadad,1
285,"CARTERA MIU",GINBA-029,GINBA-029,425,,,,283,,,2,0,381,UNICA,CAMEL,#7b2900,1
286,"CARTERA TIPO BANDOLERA",GINBA-03,GINBA-03,377,,,,284,,,1,0,382,UNICA,BEIGE,#fff2d5,1
287,"CARTERA BANDOLERA",GINBA-012,GINBA-012,463,,,,285,,,1,0,383,UNICA,CAFE,#5a1c00,1
288,CARTERA,MADC-002,"MADC -002",585,,,,286,,,1,0,384,UNICA,GUINDA,#791a3d,1
289,CARTERA,GINBJCA-16,GINBJCA-16,450,,,,287,,,2,0,385,UNICA,CAMEL,#7b2900,1
289,CARTERA,GINBJCA-16,GINBJCA-16,450,,,,287,,,2,0,386,UNICA,NEGRA,"",1
290,CARTERA,VV-2882,VV-2882,450,,,,288,,,2,0,387,UNICA,BEIGE,#fff2d5,1
290,CARTERA,VV-2882,VV-2882,450,,,,288,,,2,0,388,UNICA,CAMEL,#7b2900,1
291,CARTERA,MADC-008,MADC-008,485,,,,289,,,1,0,389,UNICA,CAMEL,#7b2900,1
292,"CARTERA DE MANO",GINBA1-023,GINBA1-023,462,,,,290,,,0,0,925,UNICA,GUINDA,#551029,1
292,"CARTERA DE MANO",GINBA1-023,GINBA1-023,462,,,,290,,,0,0,926,UNICA,NEGRO,"",1
292,"CARTERA DE MANO",GINBA1-023,GINBA1-023,462,,,,468,12,"OULET GAIA",1,0,925,UNICA,GUINDA,#551029,1
292,"CARTERA DE MANO",GINBA1-023,GINBA1-023,462,,,,468,12,"OULET GAIA",1,0,926,UNICA,NEGRO,"",1
292,"CARTERA DE MANO",GINBA1-023,GINBA1-023,462,,,,467,13,GAIA,1,0,925,UNICA,GUINDA,#551029,1
292,"CARTERA DE MANO",GINBA1-023,GINBA1-023,462,,,,467,13,GAIA,1,0,926,UNICA,NEGRO,"",1
293,"CARTERA DE MANO",GINBA1-0020,GINBA1-0020,452,,,,291,,,2,0,391,UNICA,PLATEADA,#c2c2c2,1
293,"CARTERA DE MANO",GINBA1-0020,GINBA1-0020,452,,,,291,,,2,0,392,UNICA,DORADA,#f5ec00,1
294,"CARTERA DE MANO",GINBA-017,GINBA-017,462,,,,292,,,2,0,393,"ÚNICA",NEGRA,"",1
294,"CARTERA DE MANO",GINBA-017,GINBA-017,462,,,,292,,,2,0,394,UNICA,GUINDA,#551029,1
295,"CARTERA DE MANO",GINBA1-024,GINBA1-024,454,,,,293,,,1,0,395,UNICA,NEGRO,"",1
296,"CARTERA DE MANO",GINBA1-026,GINBA1-026,412,,,,294,,,1,0,396,"ÚNICA",PLOMA,#c2c2c2,1
297,"SALIDA DE BAÑO LARGO",GINEU1-34,GINEU1-34,255,,,,295,,,1,0,397,S,Blanco,#ffffff,1
298,"VESTIDOS MAYA",GINBRS-053,GINBRS-053,346,,,,296,,,1,0,398,"Única",Verde,#669d34,1
299,"VESTIDOS MAYA",GINBRS-062,GINBRS-062,328,,,,297,,,1,0,399,"Única","Verde agua",#cde8b5,1
300,"SALIDA DE BAÑO",GINDU1-105,GINDU1-105,255,,,,298,,,1,0,400,S,Blanco,#ffffff,1
301,"BIKINI SET",GNEO-51,GNEO-51,467,,,,299,,,0,0,924,S,Rosa,#f4a4c0,1
301,"BIKINI SET",GNEO-51,GNEO-51,467,,,,466,8,"MAYA SWIM",1,0,924,S,Rosa,#f4a4c0,1
302,"CINTURÓN BEIGE",CBS-17,CBS-17,199,,,,300,,,2,0,402,UNICA,BEIGE,#fff2d5,2
303,"CINTURÓN",CBS-25,CBS-25,209,,,,301,,,2,0,403,UNICA,NEGRO,"",2
304,CINTUROS,CBS-26,CBS-26,199,,,,302,,,3,0,415,UNICA,NEGRO,"",5
305,CINTURON,CBS-28,CBS-28,219,,,,303,,,2,0,405,"","","",2
306,CINTURON,CBS-07,CBS-07,199,,,,304,,,2,0,407,UNICA,ROSADA,#f4a4c0,2
307,CINTURON,CBS-21,CBS-21,199,,,,305,,,2,0,408,UNICA,CAFE,#5c0701,2
308,CINTURON,CBS-12,CBS-12,199,,,,306,,,2,0,411,UNICA,AMARILLO,#fefb41,2
309,CINTURON,CBS-08,CBS-08,189,,,,307,,,0,0,923,UNICA,CELESTE,#52d6fc,3
309,CINTURON,CBS-08,CBS-08,189,,,,465,13,GAIA,3,0,923,UNICA,CELESTE,#52d6fc,3
310,"VESTIDO HINDU",GINBM1-04H,GINBM1-04H,456,,,,308,,,1,0,465,"Única","Azul con dorado",#3a87fe,1
311,CINTURON,CBS-13,CBS-13,189,,,,309,,,0,0,921,UNICA,DORADO,#fefb41,3
311,CINTURON,CBS-13,CBS-13,189,,,,464,13,GAIA,3,0,921,UNICA,DORADO,#fefb41,3
312,"VESTIDO HINDU",GINBM1-002,GINBM1-002,356,,,,310,,,1,0,462,"Única","Verde agua",#b1dd8b,1
313,CINTURON,CBS-22,CBS-22,210,,,,311,,,0,0,824,UNICA,VERDE,#b1dd8b,1
313,CINTURON,CBS-22,CBS-22,210,,,,311,,,0,0,825,UNICA,CAMEL,#ad3e00,1
313,CINTURON,CBS-22,CBS-22,210,,,,311,,,0,0,826,"ÚNICA",CAFE,#3c071b,1
313,CINTURON,CBS-22,CBS-22,210,,,,454,13,GAIA,3,0,824,UNICA,VERDE,#b1dd8b,1
313,CINTURON,CBS-22,CBS-22,210,,,,454,13,GAIA,3,0,825,UNICA,CAMEL,#ad3e00,1
313,CINTURON,CBS-22,CBS-22,210,,,,454,13,GAIA,3,0,826,"ÚNICA",CAFE,#3c071b,1
314,"VESTIDOS ROSADO",VRSD1,VRSD1,422,,,,312,,,0,0,823,"",Rosado,#ee719e,1
314,"VESTIDOS ROSADO",VRSD1,VRSD1,422,,,,453,13,GAIA,1,0,823,"",Rosado,#ee719e,1
315,"BODYS MANGALARGAS ENCAJE",MGE1,MGE1,296,,,,313,,,0,0,821,"ÚNICA",Camel,#785800,2
315,"BODYS MANGALARGAS ENCAJE",MGE1,MGE1,296,,,,313,,,0,0,822,"ÚNICA",Guindo,#3c071b,1
315,"BODYS MANGALARGAS ENCAJE",MGE1,MGE1,296,,,,452,13,GAIA,3,0,821,"ÚNICA",Camel,#785800,2
315,"BODYS MANGALARGAS ENCAJE",MGE1,MGE1,296,,,,452,13,GAIA,3,0,822,"ÚNICA",Guindo,#3c071b,1
316,CITNURON,CBS-24,CBS-24,280,,,,314,,,0,0,820,UNICA,NEGRA,"",1
316,CITNURON,CBS-24,CBS-24,280,,,,451,13,GAIA,1,0,820,UNICA,NEGRA,"",1
317,"VESTIDO HINDU",GINBM1-004H,GINBM1-004H,456,,,,315,,,0,0,602,"Única","Estampado rosa",#ffb5af,1
317,"VESTIDO HINDU",GINBM1-004H,GINBM1-004H,456,,,,315,,,0,0,603,"Única","Estampado verde",#cde8b5,1
317,"VESTIDO HINDU",GINBM1-004H,GINBM1-004H,456,,,,315,,,0,0,604,"Única","Estampado amarillo",#fecb3e,1
317,"VESTIDO HINDU",GINBM1-004H,GINBM1-004H,456,,,,359,8,"MAYA SWIM",3,0,602,"Única","Estampado rosa",#ffb5af,1
317,"VESTIDO HINDU",GINBM1-004H,GINBM1-004H,456,,,,359,8,"MAYA SWIM",3,0,603,"Única","Estampado verde",#cde8b5,1
317,"VESTIDO HINDU",GINBM1-004H,GINBM1-004H,456,,,,359,8,"MAYA SWIM",3,0,604,"Única","Estampado amarillo",#fecb3e,1
318,"VESTIDO HINDU",GINBM1-0004H,GINBM1-0004H,456,,,,316,,,0,0,598,"Única","Estampado azul",#3a87fe,1
318,"VESTIDO HINDU",GINBM1-0004H,GINBM1-0004H,456,,,,358,8,"MAYA SWIM",1,0,598,"Única","Estampado azul",#3a87fe,1
319,BLUSA,GINBA1-34,GINBA1-34,243,,,,317,,,0,0,816,UNICA,CAFE,#3c071b,3
319,BLUSA,GINBA1-34,GINBA1-34,243,,,,317,,,0,0,817,UNICA,GUINDA,#551029,1
319,BLUSA,GINBA1-34,GINBA1-34,243,,,,317,,,0,0,818,UNICA,BEIGE,#fff2d5,2
319,BLUSA,GINBA1-34,GINBA1-34,243,,,,317,,,0,0,819,UNICA,NEGRA,"",2
319,BLUSA,GINBA1-34,GINBA1-34,243,,,,450,12,"OULET GAIA",8,0,816,UNICA,CAFE,#3c071b,3
319,BLUSA,GINBA1-34,GINBA1-34,243,,,,450,12,"OULET GAIA",8,0,817,UNICA,GUINDA,#551029,1
319,BLUSA,GINBA1-34,GINBA1-34,243,,,,450,12,"OULET GAIA",8,0,818,UNICA,BEIGE,#fff2d5,2
319,BLUSA,GINBA1-34,GINBA1-34,243,,,,450,12,"OULET GAIA",8,0,819,UNICA,NEGRA,"",2
320,"SOMBRERO PLAYERO",MIS-001,MIS-001,250,,,,318,,,0,0,,,,,
320,"SOMBRERO PLAYERO",MIS-001,MIS-001,250,,,,357,8,"MAYA SWIM",1,0,,,,,
321,"CARTERA PLAYERA",MIC-001,MIC-001,287,,,,319,,,0,0,,,,,
321,"CARTERA PLAYERA",MIC-001,MIC-001,287,,,,356,8,"MAYA SWIM",1,0,,,,,
322,"FALDA PLAYERA",MIF-01,MIF-01,250,,,,320,,,0,0,596,"Única",Blanco,#ffffff,1
322,"FALDA PLAYERA",MIF-01,MIF-01,250,,,,320,,,0,0,597,"","","",0
322,"FALDA PLAYERA",MIF-01,MIF-01,250,,,,355,8,"MAYA SWIM",1,0,596,"Única",Blanco,#ffffff,1
322,"FALDA PLAYERA",MIF-01,MIF-01,250,,,,355,8,"MAYA SWIM",1,0,597,"","","",0
323,"VESTIDO HINDU",GINBM1-02,GINBM1-02,356,,,,321,,,0,0,594,"Única","Estampado mostaza",#a67b01,2
323,"VESTIDO HINDU",GINBM1-02,GINBM1-02,356,,,,321,,,0,0,595,"Única","Estampado verde",#96d35f,1
323,"VESTIDO HINDU",GINBM1-02,GINBM1-02,356,,,,354,8,"MAYA SWIM",3,0,594,"Única","Estampado mostaza",#a67b01,2
323,"VESTIDO HINDU",GINBM1-02,GINBM1-02,356,,,,354,8,"MAYA SWIM",3,0,595,"Única","Estampado verde",#96d35f,1
324,"VESTIDO HINDU",GINBM1-003,GINBM1-003,564,,,,322,,,0,0,593,"Única","Estampado melón",#ffa57d,1
324,"VESTIDO HINDU",GINBM1-003,GINBM1-003,564,,,,353,8,"MAYA SWIM",1,0,593,"Única","Estampado melón",#ffa57d,1
325,"VESTIDO HINDU",GINBM1-00004,GINBM1-00004,356,,,,323,,,0,0,592,"Única","Estampado verde",#76bb40,1
325,"VESTIDO HINDU",GINBM1-00004,GINBM1-00004,356,,,,352,8,"MAYA SWIM",1,0,592,"Única","Estampado verde",#76bb40,1
326,"VESTIDO HINDU",GINBM1-0002,GINBM1-0002,356,,,,324,,,0,0,549,"Única","Estampado verde",#76bb40,1
326,"VESTIDO HINDU",GINBM1-0002,GINBM1-0002,356,,,,347,8,"MAYA SWIM",1,0,549,"Única","Estampado verde",#76bb40,1
327,MANILLA,MD1,MD1,130,,,,325,,,0,0,815,"Único",Dorado,#d19d01,3
327,MANILLA,MD1,MD1,130,,,,449,13,GAIA,3,0,815,"Único",Dorado,#d19d01,3
328,"BLUSA ASIMETRICA",GINBL1,GINBL1,296,,,,326,,,0,0,814,"Única",Negro,"",1
328,"BLUSA ASIMETRICA",GINBL1,GINBL1,296,,,,448,13,GAIA,1,0,814,"Única",Negro,"",1
329,"MANILLA DIBUJOS",MA2,MA2,70,,,,327,,,0,0,765,"Única",Rosado,#f4a4c0,2
329,"MANILLA DIBUJOS",MA2,MA2,70,,,,420,13,GAIA,2,0,765,"Única",Rosado,#f4a4c0,2
330,"VESTIDO RODADO",GINBM,GINBM,422,,,,328,,,0,0,764,"Única",Rosa,#f4a4c0,1
330,"VESTIDO RODADO",GINBM,GINBM,422,,,,419,13,GAIA,1,0,764,"Única",Rosa,#f4a4c0,1
331,"BLUSA ASIMÉTRICA",GINBA1-40,GINBA1-40,315,,,,329,,,0,0,678,UNICA,CELESTE,#74a7ff,2
331,"BLUSA ASIMÉTRICA",GINBA1-40,GINBA1-40,315,,,,329,,,0,0,679,UNICA,ROSADA,#f4a4c0,1
331,"BLUSA ASIMÉTRICA",GINBA1-40,GINBA1-40,315,,,,386,12,"OULET GAIA",3,0,678,UNICA,CELESTE,#74a7ff,2
331,"BLUSA ASIMÉTRICA",GINBA1-40,GINBA1-40,315,,,,386,12,"OULET GAIA",3,0,679,UNICA,ROSADA,#f4a4c0,1
332,"BLUSA CON MANGA ASIMETRICA",GINBA1-41,GINBA1-41,332,,,,330,,,0,0,672,UNICA,CAMEL,#7b2900,1
332,"BLUSA CON MANGA ASIMETRICA",GINBA1-41,GINBA1-41,332,,,,330,,,0,0,673,UNICA,NEGRA,"",1
332,"BLUSA CON MANGA ASIMETRICA",GINBA1-41,GINBA1-41,332,,,,330,,,0,0,674,UNICA,GUINDA,#551029,1
332,"BLUSA CON MANGA ASIMETRICA",GINBA1-41,GINBA1-41,332,,,,330,,,0,0,675,UNICA,AZUL,#11053b,1
332,"BLUSA CON MANGA ASIMETRICA",GINBA1-41,GINBA1-41,332,,,,385,12,"OULET GAIA",4,0,672,UNICA,CAMEL,#7b2900,1
332,"BLUSA CON MANGA ASIMETRICA",GINBA1-41,GINBA1-41,332,,,,385,12,"OULET GAIA",4,0,673,UNICA,NEGRA,"",1
332,"BLUSA CON MANGA ASIMETRICA",GINBA1-41,GINBA1-41,332,,,,385,12,"OULET GAIA",4,0,674,UNICA,GUINDA,#551029,1
332,"BLUSA CON MANGA ASIMETRICA",GINBA1-41,GINBA1-41,332,,,,385,12,"OULET GAIA",4,0,675,UNICA,AZUL,#11053b,1
333,"BLUSA CORTA",GINBA1-32,GINBA1-32,243,,,,331,,,0,0,668,UNICA,NEGRA,"",1
333,"BLUSA CORTA",GINBA1-32,GINBA1-32,243,,,,331,,,0,0,669,UNICA,GUINDA,#791a3d,1
333,"BLUSA CORTA",GINBA1-32,GINBA1-32,243,,,,331,,,0,0,670,UNICA,"CAFÉ",#3c071b,2
333,"BLUSA CORTA",GINBA1-32,GINBA1-32,243,,,,331,,,0,0,671,UNICA,BLANCA,#ffffff,1
333,"BLUSA CORTA",GINBA1-32,GINBA1-32,243,,,,384,12,"OULET GAIA",5,0,668,UNICA,NEGRA,"",1
333,"BLUSA CORTA",GINBA1-32,GINBA1-32,243,,,,384,12,"OULET GAIA",5,0,669,UNICA,GUINDA,#791a3d,1
333,"BLUSA CORTA",GINBA1-32,GINBA1-32,243,,,,384,12,"OULET GAIA",5,0,670,UNICA,"CAFÉ",#3c071b,2
333,"BLUSA CORTA",GINBA1-32,GINBA1-32,243,,,,384,12,"OULET GAIA",5,0,671,UNICA,BLANCA,#ffffff,1
334,"VESTIDO CORTO MANGALARGA",GINBA1-66,GINBA1-66,528,,,,332,,,0,0,665,UNICA,"CAFÉ",#3c071b,1
334,"VESTIDO CORTO MANGALARGA",GINBA1-66,GINBA1-66,528,,,,332,,,0,0,666,UNICA,NARANJA,#ad3e00,1
334,"VESTIDO CORTO MANGALARGA",GINBA1-66,GINBA1-66,528,,,,332,,,0,0,667,UNICA,GUINDA,#99244f,1
334,"VESTIDO CORTO MANGALARGA",GINBA1-66,GINBA1-66,528,,,,383,12,"OULET GAIA",3,0,665,UNICA,"CAFÉ",#3c071b,1
334,"VESTIDO CORTO MANGALARGA",GINBA1-66,GINBA1-66,528,,,,383,12,"OULET GAIA",3,0,666,UNICA,NARANJA,#ad3e00,1
334,"VESTIDO CORTO MANGALARGA",GINBA1-66,GINBA1-66,528,,,,383,12,"OULET GAIA",3,0,667,UNICA,GUINDA,#99244f,1
335,"VESTIDO CORTO MANGALARGA",GINBA1-12,GINBA1-12,472,,,,333,,,0,0,662,UNICA,"CAFÉ",#3c071b,1
335,"VESTIDO CORTO MANGALARGA",GINBA1-12,GINBA1-12,472,,,,333,,,0,0,663,UNICA,NARANJA,#ff8648,1
335,"VESTIDO CORTO MANGALARGA",GINBA1-12,GINBA1-12,472,,,,333,,,0,0,664,UNICA,VERDE,#263e0f,1
335,"VESTIDO CORTO MANGALARGA",GINBA1-12,GINBA1-12,472,,,,382,12,"OULET GAIA",3,0,662,UNICA,"CAFÉ",#3c071b,1
335,"VESTIDO CORTO MANGALARGA",GINBA1-12,GINBA1-12,472,,,,382,12,"OULET GAIA",3,0,663,UNICA,NARANJA,#ff8648,1
335,"VESTIDO CORTO MANGALARGA",GINBA1-12,GINBA1-12,472,,,,382,12,"OULET GAIA",3,0,664,UNICA,VERDE,#263e0f,1
336,"VESTIDO CORTO",GINBA1-063,GINBA1-063,472,,,,334,,,0,0,660,UNICA,GUINDA,#551029,1
336,"VESTIDO CORTO",GINBA1-063,GINBA1-063,472,,,,334,,,0,0,661,"ÚNICA",CAMEL,#7b2900,1
336,"VESTIDO CORTO",GINBA1-063,GINBA1-063,472,,,,381,12,"OULET GAIA",2,0,660,UNICA,GUINDA,#551029,1
336,"VESTIDO CORTO",GINBA1-063,GINBA1-063,472,,,,381,12,"OULET GAIA",2,0,661,"ÚNICA",CAMEL,#7b2900,1
337,"VESTIDO CORTO",GINBA1-13,GINBA1-13,472,,,,335,,,0,0,658,UNICA,GUINDA,#791a3d,1
337,"VESTIDO CORTO",GINBA1-13,GINBA1-13,472,,,,335,,,0,0,659,UNICA,"CAFÉ",#3c071b,1
337,"VESTIDO CORTO",GINBA1-13,GINBA1-13,472,,,,380,12,"OULET GAIA",2,0,658,UNICA,GUINDA,#791a3d,1
337,"VESTIDO CORTO",GINBA1-13,GINBA1-13,472,,,,380,12,"OULET GAIA",2,0,659,UNICA,"CAFÉ",#3c071b,1
338,"BLUSA ASIMÉTRICA",GINBA1-33,GINBA1-33,243,,,,336,,,0,0,652,UNICA,BLANCA,#ffffff,1
338,"BLUSA ASIMÉTRICA",GINBA1-33,GINBA1-33,243,,,,336,,,0,0,653,UNICA,NEGRA,"",1
338,"BLUSA ASIMÉTRICA",GINBA1-33,GINBA1-33,243,,,,336,,,0,0,654,UNICA,"CAFÉ",#3c071b,1
338,"BLUSA ASIMÉTRICA",GINBA1-33,GINBA1-33,243,,,,336,,,0,0,655,UNICA,BEIGE,#ffecd4,1
338,"BLUSA ASIMÉTRICA",GINBA1-33,GINBA1-33,243,,,,379,12,"OULET GAIA",4,0,652,UNICA,BLANCA,#ffffff,1
338,"BLUSA ASIMÉTRICA",GINBA1-33,GINBA1-33,243,,,,379,12,"OULET GAIA",4,0,653,UNICA,NEGRA,"",1
338,"BLUSA ASIMÉTRICA",GINBA1-33,GINBA1-33,243,,,,379,12,"OULET GAIA",4,0,654,UNICA,"CAFÉ",#3c071b,1
338,"BLUSA ASIMÉTRICA",GINBA1-33,GINBA1-33,243,,,,379,12,"OULET GAIA",4,0,655,UNICA,BEIGE,#ffecd4,1
339,"VESTIDO CORTO",GINBA1-014,GINBA1-014,462,,,,337,,,0,0,651,UNICA,GUINDA,#791a3d,1
339,"VESTIDO CORTO",GINBA1-014,GINBA1-014,462,,,,378,12,"OULET GAIA",1,0,651,UNICA,GUINDA,#791a3d,1
340,"CHAMARRA DE  CUERO",GINBA01-113,GINBA01-113,599,,,,338,,,0,0,648,P,NEGRA,"",1
340,"CHAMARRA DE  CUERO",GINBA01-113,GINBA01-113,599,,,,338,,,0,0,649,M,NEGRA,"",0
340,"CHAMARRA DE  CUERO",GINBA01-113,GINBA01-113,599,,,,338,,,0,0,650,G,UNIC,"",1
340,"CHAMARRA DE  CUERO",GINBA01-113,GINBA01-113,599,,,,377,12,"OULET GAIA",2,0,648,P,NEGRA,"",1
340,"CHAMARRA DE  CUERO",GINBA01-113,GINBA01-113,599,,,,377,12,"OULET GAIA",2,0,649,M,NEGRA,"",0
340,"CHAMARRA DE  CUERO",GINBA01-113,GINBA01-113,599,,,,377,12,"OULET GAIA",2,0,650,G,UNIC,"",1
341,"CHAMARRA JEANS",GINBA1-085,GINBA1-085,455,,,,339,,,0,0,647,P,CELESTE,#52d6fc,1
341,"CHAMARRA JEANS",GINBA1-085,GINBA1-085,455,,,,376,12,"OULET GAIA",1,0,647,P,CELESTE,#52d6fc,1
342,"VESTIDO CORTO",GINBA1-64,GINBA1-64,462,,,,340,,,0,0,590,UNICA,NARANJA,#da5100,1
342,"VESTIDO CORTO",GINBA1-64,GINBA1-64,462,,,,340,,,0,0,591,UNICA,"CAFÉ",#5c0701,1
342,"VESTIDO CORTO",GINBA1-64,GINBA1-64,462,,,,351,12,"OULET GAIA",2,0,590,UNICA,NARANJA,#da5100,1
342,"VESTIDO CORTO",GINBA1-64,GINBA1-64,462,,,,351,12,"OULET GAIA",2,0,591,UNICA,"CAFÉ",#5c0701,1
343,"TOP ENCAJE",SINCODIGO-03,SINCODIGO-03,180,,,,341,,,0,0,641,"Única",Blanco,#ffffff,1
343,"TOP ENCAJE",SINCODIGO-03,SINCODIGO-03,180,,,,341,,,0,0,642,"Única",Nude,#ffe2d6,1
343,"TOP ENCAJE",SINCODIGO-03,SINCODIGO-03,180,,,,346,12,"OULET GAIA",0,0,641,"Única",Blanco,#ffffff,1
343,"TOP ENCAJE",SINCODIGO-03,SINCODIGO-03,180,,,,346,12,"OULET GAIA",0,0,642,"Única",Nude,#ffe2d6,1
343,"TOP ENCAJE",SINCODIGO-03,SINCODIGO-03,180,,,,374,13,GAIA,2,0,641,"Única",Blanco,#ffffff,1
343,"TOP ENCAJE",SINCODIGO-03,SINCODIGO-03,180,,,,374,13,GAIA,2,0,642,"Única",Nude,#ffe2d6,1
344,"TOP ENCAJE",SINCODIGO-000,SINCODIGO-000,180,,,,342,,,0,0,643,"Única",Blanco,#ffffff,1
344,"TOP ENCAJE",SINCODIGO-000,SINCODIGO-000,180,,,,342,,,0,0,644,"Única",Nude,#ffe2d6,1
344,"TOP ENCAJE",SINCODIGO-000,SINCODIGO-000,180,,,,345,12,"OULET GAIA",0,0,643,"Única",Blanco,#ffffff,1
344,"TOP ENCAJE",SINCODIGO-000,SINCODIGO-000,180,,,,345,12,"OULET GAIA",0,0,644,"Única",Nude,#ffe2d6,1
344,"TOP ENCAJE",SINCODIGO-000,SINCODIGO-000,180,,,,375,13,GAIA,2,0,643,"Única",Blanco,#ffffff,1
344,"TOP ENCAJE",SINCODIGO-000,SINCODIGO-000,180,,,,375,13,GAIA,2,0,644,"Única",Nude,#ffe2d6,1
345,"VESTIDO LARGO",GINBA1-11,GINBA1-11,544,,,,343,,,0,0,541,UNICA,VERDE,#263e0f,1
345,"VESTIDO LARGO",GINBA1-11,GINBA1-11,544,,,,343,,,0,0,542,UNICA,"CAFÉ",#5a1c00,1
345,"VESTIDO LARGO",GINBA1-11,GINBA1-11,544,,,,343,,,0,0,543,UNICA,CORAL,#ad3e00,1
345,"VESTIDO LARGO",GINBA1-11,GINBA1-11,544,,,,343,,,0,0,544,UNICA,CAMEL,#7b2900,1
345,"VESTIDO LARGO",GINBA1-11,GINBA1-11,544,,,,344,12,"OULET GAIA",4,0,541,UNICA,VERDE,#263e0f,1
345,"VESTIDO LARGO",GINBA1-11,GINBA1-11,544,,,,344,12,"OULET GAIA",4,0,542,UNICA,"CAFÉ",#5a1c00,1
345,"VESTIDO LARGO",GINBA1-11,GINBA1-11,544,,,,344,12,"OULET GAIA",4,0,543,UNICA,CORAL,#ad3e00,1
345,"VESTIDO LARGO",GINBA1-11,GINBA1-11,544,,,,344,12,"OULET GAIA",4,0,544,UNICA,CAMEL,#7b2900,1
346,"VESTIDO LARGO",GINBA1-74,GINBA1-74,528,,,,348,12,"OULET GAIA",1,0,1054,UNICA,GUINDA,#791a3d,1
347,"VESTIDO LARGO",GINBA1-42,GINBA1-42,496,,,,349,12,"OULET GAIA",3,0,585,UNICA,"CAFÉ",#3c071b,1
347,"VESTIDO LARGO",GINBA1-42,GINBA1-42,496,,,,349,12,"OULET GAIA",3,0,586,UNICA,GUINDA,#791a3d,1
347,"VESTIDO LARGO",GINBA1-42,GINBA1-42,496,,,,349,12,"OULET GAIA",3,0,587,UNICA,VERDE,#263e0f,1
348,"VESTIDO CORTO",GINBA1-16,GINBA1-16,448,,,,350,12,"OULET GAIA",2,0,588,UNICA,NEGRO,"",1
348,"VESTIDO CORTO",GINBA1-16,GINBA1-16,448,,,,350,12,"OULET GAIA",2,0,589,UNICA,"CAFÉ",#3c071b,1
349,"CARTERA DE MANO",GINBA1-021,GINBA1-021,412,,,,360,13,GAIA,1,0,636,"Única",Crema,#fff2d5,1
350,"PRUEBA 2",8094279584578,8094279584578,200,,,,372,12,"OULET GAIA",10,0,789,S,BLANCO,#ffffff,10
350,"PRUEBA 2",8094279584578,8094279584578,200,,,,372,12,"OULET GAIA",10,0,790,M,NEGRO,"",10
350,"PRUEBA 2",8094279584578,8094279584578,200,,,,371,13,GAIA,10,0,789,S,BLANCO,#ffffff,10
350,"PRUEBA 2",8094279584578,8094279584578,200,,,,371,13,GAIA,10,0,790,M,NEGRO,"",10
352,"CARTERA MEDIAS",GINBA-014,GINBA-014,490,,,,393,12,"OULET GAIA",4,0,690,UNICA,BEIGE,#ffecd4,1
352,"CARTERA MEDIAS",GINBA-014,GINBA-014,490,,,,393,12,"OULET GAIA",4,0,691,UNICA,BLANCA,#ffffff,1
352,"CARTERA MEDIAS",GINBA-014,GINBA-014,490,,,,393,12,"OULET GAIA",4,0,692,UNICA,NEGRA,"",1
352,"CARTERA MEDIAS",GINBA-014,GINBA-014,490,,,,393,12,"OULET GAIA",4,0,693,UNICA,CAMEL,#7b2900,1
353,"CARTERA MEDIA",GINBA-015,GINBA-015,521,,,,401,12,"OULET GAIA",2,0,709,UNICA,"CAFÉ",#7b2900,1
353,"CARTERA MEDIA",GINBA-015,GINBA-015,521,,,,401,12,"OULET GAIA",2,0,710,UNICA,BLANCA,#ffffff,1
354,"CARTERA BANDOLERA",GINBA-011,GINBA-011,478,,,,407,12,"OULET GAIA",2,0,738,UNICA,"CAFÉ",#5c0701,1
354,"CARTERA BANDOLERA",GINBA-011,GINBA-011,478,,,,407,12,"OULET GAIA",2,0,739,UNICA,CAMEL,#7b2900,1
355,"CARTERA PLAYERA",MIC-002,MIC-002,287,,,,408,8,"MAYA SWIM",2,0,750,"","Negro entero","",1
355,"CARTERA PLAYERA",MIC-002,MIC-002,287,,,,408,8,"MAYA SWIM",2,0,751,"","Negro con beich",#fefcdd,0
355,"CARTERA PLAYERA",MIC-002,MIC-002,287,,,,408,8,"MAYA SWIM",2,0,752,"","Café con Beich",#a96800,1
356,"CARTERA DE PLAYA",GINBA1-035,GINBA1-035,478,,,,409,12,"OULET GAIA",1,0,753,UNICA,MOSTAZA,#d19d01,1
357,"CARTERA BANDOLERA",GINBA-02,GINBA-02,445,,,,410,12,"OULET GAIA",2,0,1002,UNICA,BEIGE,#fff2d5,1
357,"CARTERA BANDOLERA",GINBA-02,GINBA-02,445,,,,410,12,"OULET GAIA",2,0,1003,UNICA,CAMEL,#7b2900,1
357,"CARTERA BANDOLERA",GINBA-02,GINBA-02,445,,,,410,12,"OULET GAIA",2,0,1004,UNICA,BLANCA,#ffffff,1
358,"CARTERA BANDOLERA",GINBA-003,GINBA-003,377,,,,411,12,"OULET GAIA",1,0,756,UNICA,CAMEL,#7b2900,1
359,"CARTERA BANDOLERA",GINBA-010,GINBA-010,495,,,,412,12,"OULET GAIA",1,0,757,UNICA,CAMEL,#7b2900,1
360,BIKINI,GINEU3-5,GINEU3-5,295,,,,413,8,"MAYA SWIM",1,0,758,S,Azul,#012f7b,1
361,BIKINI,GINFU2-61,GINFU2-61,315,,,,414,8,"MAYA SWIM",1,0,759,M,Azul,#0056d6,1
362,BIKINI,GINFU2-36,GINFU2-36,355,,,,415,8,"MAYA SWIM",1,0,760,S,Azul,#0042a9,1
364,BIKINI,MIBA-01,MIBA-01,315,,40,125,417,8,"MAYA SWIM",1,0,956,S,Azul,#012f7b,1
365,"CARTERA BANDOLERA",GINBA-016,GINBA-016,517,,40,112.76,418,12,"OULET GAIA",1,0,954,UNICA,BLANCA,#ffffff,1
366,"VESTIDO MAYA",MIV-01,MIV-01,413,,40,195,421,8,"MAYA SWIM",1,0,953,"Única",Celeste,#74a7ff,1
367,"CONJUNTO MAYA",MICTO-01,MICTO-01,355,,40,153.57,422,8,"MAYA SWIM",1,0,952,"Única","Estampado celeste",#a7c6ff,1
368,"CARTERA DE MANO",GINBA1-022,GINBA1-022,462,,40,69.85,423,12,"OULET GAIA",3,0,949,UNICA,NEGRA,"",1
368,"CARTERA DE MANO",GINBA1-022,GINBA1-022,462,,40,69.85,423,12,"OULET GAIA",3,0,950,UNICA,GUINDA,#791a3d,1
368,"CARTERA DE MANO",GINBA1-022,GINBA1-022,462,,40,69.85,423,12,"OULET GAIA",3,0,951,UNICA,BEIGE,#fff2d5,1
369,"VESTIDO MAYA",GINNU2-91,GINNU2-91,411,,50,65.58,424,8,"MAYA SWIM",1,0,948,S,Celeste,#d3e2ff,1
370,"VESTIDO MAYA",MIV-02,MIV-02,500,,40,163.16,425,8,"MAYA SWIM",1,0,947,S,Turquesa,#b4ffe9,1
371,"CARTERA DE MANO",GINBA1-018,GINBA1-018,462,,40,73.55,426,12,"OULET GAIA",3,0,944,UNICA,DORADA,#d19d01,1
371,"CARTERA DE MANO",GINBA1-018,GINBA1-018,462,,40,73.55,426,12,"OULET GAIA",3,0,945,UNICA,NEGRA,"",1
371,"CARTERA DE MANO",GINBA1-018,GINBA1-018,462,,40,73.55,426,12,"OULET GAIA",3,0,946,UNICA,BLANCA,#ffffff,1
372,"VESTIDO MAYA",GINDU6-36,GINDU6-36,578,,87,159.31,427,8,"MAYA SWIM",1,0,942,S,"Estampado verde",#4e7a00,1
373,"VESTIDO HINDU",GINBM1-0003,GINBM1-0003,664,,40,76.6,428,8,"MAYA SWIM",1,0,941,"Única",Blanca,#fffef8,1
374,"CARTERA DE MANO",GINBA1-21,GINBA1-21,412,,40,92.52,429,12,"OULET GAIA",2,0,939,UNICA,GUINDA,#791a3d,1
374,"CARTERA DE MANO",GINBA1-21,GINBA1-21,412,,40,92.52,429,12,"OULET GAIA",2,0,940,UNICA,NEGRA,"",1
375,"CARTERA DE MANO",GINBA1-19,GINBA1-19,422,,,,430,12,"OULET GAIA",2,0,780,UNICA,NEGRA,#000000,1
375,"CARTERA DE MANO",GINBA1-19,GINBA1-19,422,,,,430,12,"OULET GAIA",2,0,781,UNICA,1,#ffffff,1
376,"CARTERA DE MANO",GINBA1-23,GINBA1-23,462,,40,73.55,431,12,"OULET GAIA",1,0,938,UNICA,NEGRA,"",1
377,"CARTERA DE MANO",GINBA-17,GINBA-17,462,,40,73.55,432,12,"OULET GAIA",1,0,937,UNICA,HUESO,#fefcdd,1
378,"CARTERA PLAYERA",MIC-004,MIC-004,280,,,,433,8,"MAYA SWIM",0,0,,,,,
379,"SOMBRERO PLAYERO",MISRO-01,MISRO-01,180,,40,80,434,8,"MAYA SWIM",1,0,,,,,
380,"VESTIDO DE BAÑO LARGO",MISDA-01,MISDA-01,255,,40,131.82,435,8,"MAYA SWIM",1,0,935,M,Crema,#ffffe0,1
381,"CARTERA DE MANO",GINBA-24,GINBA-24,454,,40,70.68,436,12,"OULET GAIA",1,0,931,UNICA,GUINDA,#791a3d,1
382,"CARTERA DE MANO",GINBA1-26,GINBA1-26,412,,40,80.31,437,12,"OULET GAIA",1,0,928,UNICA,DORADA,#fffbb9,1
384,AROS,INT123,INT123,15,,,200,439,3,"Almacén 1",19,0,793,"DISEÑO 1",ROJO,#ff0000,10
384,AROS,INT123,INT123,15,,,200,439,3,"Almacén 1",19,0,794,"DISEÑO 2",BLANCO,#ffffff,9
385,BLUSA,GINDU6-04,GINDU6-04,289,,87,70.9,440,12,"OULET GAIA",2,0,919,S,BEIGE,#fee4a8,1
385,BLUSA,GINDU6-04,GINDU6-04,289,,87,70.9,440,12,"OULET GAIA",2,0,920,S,CREMA,#fefcdd,1
386,BLUSA,GINDU4-06,GINDU4-06,313,,45,158.68,441,12,"OULET GAIA",1,0,916,M,CELESTE,#01c7fc,1
387,"SHORT FALDA DE TELA",GIN-001,GIN-001,340,,10,209.09,442,12,"OULET GAIA",1,0,915,G,BLANCA,#ffffff,1
388,"BLUSA DE TIROS",GINDU3-52,GINDU3-52,415,,40,185.69,443,12,"OULET GAIA",1,0,912,S,BLANCA,#ffffff,1
389,"SHORT FALDA DE TELA",GINNB1-19,GINNB1-19,393,,20,131.18,444,12,"OULET GAIA",7,0,905,M,BLANCA,#ffffff,1
389,"SHORT FALDA DE TELA",GINNB1-19,GINNB1-19,393,,20,131.18,444,12,"OULET GAIA",7,0,906,G,BLANCA,#ffffff,1
389,"SHORT FALDA DE TELA",GINNB1-19,GINNB1-19,393,,20,131.18,444,12,"OULET GAIA",7,0,907,P,NEGRO,"",1
389,"SHORT FALDA DE TELA",GINNB1-19,GINNB1-19,393,,20,131.18,444,12,"OULET GAIA",7,0,908,G,NEGRO,"",1
389,"SHORT FALDA DE TELA",GINNB1-19,GINNB1-19,393,,20,131.18,444,12,"OULET GAIA",7,0,909,M,NEGRO,"",1
389,"SHORT FALDA DE TELA",GINNB1-19,GINNB1-19,393,,20,131.18,444,12,"OULET GAIA",7,0,910,P,AMARILLA,#fffbb9,1
389,"SHORT FALDA DE TELA",GINNB1-19,GINNB1-19,393,,20,131.18,444,12,"OULET GAIA",7,0,911,P,CELESTE,#93e3fd,1
390,VESTIDO,GINDB2-07,GINDB2-07,750,,30,213.81,445,12,"OULET GAIA",1,0,897,M,AMARILLA,#fff76b,1
391,"CONJUNTO MODELO 1",GINBA1-104,GINBA1-104,610,,40,62.23,446,13,GAIA,1,0,879,"Única","Café",#583300,0
391,"CONJUNTO MODELO 1",GINBA1-104,GINBA1-104,610,,40,62.23,446,13,GAIA,1,0,880,"Única",Negro,#000000,1
392,"PANTALÓN SASTRERO",GINBA1-83,GINBA1-83,389,,40,64.83,447,12,"OULET GAIA",5,0,875,UNICA,CAMEL,#a96800,2
392,"PANTALÓN SASTRERO",GINBA1-83,GINBA1-83,389,,40,64.83,447,12,"OULET GAIA",5,0,876,UNICA,AMARILLA,#fffbb9,1
392,"PANTALÓN SASTRERO",GINBA1-83,GINBA1-83,389,,40,64.83,447,12,"OULET GAIA",5,0,877,UNICA,BEIGE,#f7fadb,1
392,"PANTALÓN SASTRERO",GINBA1-83,GINBA1-83,389,,40,64.83,447,12,"OULET GAIA",5,0,878,UNICA,"CAFÉ",#5a1c00,1
393,"BLUSA SATIN",GINUA1-27,GINUA1-27,342,,42,106.2,456,12,"OULET GAIA",1,0,869,S,"CAFÉ",#5c0701,1
394,"BLUSA ASIMÉTRICA",GINBA1-53,GINBA1-53,288,,40,200,457,12,"OULET GAIA",1,0,866,UNICA,NEGRO,"",1
395,"TOP LENCERO",GINBM-14,GINBM1-14,164,,40,,458,12,"OULET GAIA",3,0,865,UNICA,NEGRA,"",3
396,"CONJUNTO SASTRERO",GINBM1-023,GINBM1-023,485,,40,,459,12,"OULET GAIA",1,0,862,UNICA,"CAFÉ",#5a1c00,1
397,"CONJUNTO SASTRERO",GINBA1-35,GINBA1-35,465,,40,,460,12,"OULET GAIA",1,0,863,UNICA,CAFE,#5a1c00,1
398,"CONJUNTO SASTRERO",GINBM1-0018,GINBM1-0018,479,,,,461,12,"OULET GAIA",2,0,873,UNICA,GUINDA,#791a3d,1
398,"CONJUNTO SASTRERO",GINBM1-0018,GINBM1-0018,479,,,,461,12,"OULET GAIA",2,0,874,UNICA,"BEIGE ARENA",#a96800,1
399,"CONJUNTO SASTRERO",GINBM1-00018,GINBM1-00018,479,,,,462,12,"OULET GAIA",1,0,870,UNICA,"BEIGE ARENA",#a67b01,1
400,BLUSA,GINBA1-84,GINBA1-84,451,,,,463,12,"OULET GAIA",1,0,913,UNICA,"CAMEL CLARO",#ad3e00,1
400,BLUSA,GINBA1-84,GINBA1-84,451,,,,463,12,"OULET GAIA",1,0,914,UNICA,CREMA,#fefcdd,0
401,"CONJUNTO SASTRERO",GINBA1-36,GINBA1-36,436,,,,469,12,"OULET GAIA",2,0,929,UNICA,CAMEL,#a96800,1
401,"CONJUNTO SASTRERO",GINBA1-36,GINBA1-36,436,,,,469,12,"OULET GAIA",2,0,930,UNICA,"CAFÉ",#5a1c00,1
402,"CHALECO DE FRIO",GINB1-106,GINB1-106,210,,,,470,12,"OULET GAIA",3,0,932,UNICA,CREMA,#fefcdd,1
402,"CHALECO DE FRIO",GINB1-106,GINB1-106,210,,,,470,12,"OULET GAIA",3,0,933,UNICA,CAMEL,#ad3e00,1
402,"CHALECO DE FRIO",GINB1-106,GINB1-106,210,,,,470,12,"OULET GAIA",3,0,934,UNICA,"CAFÉ CLARO",#583300,1
403,BIKINI,GINVA-042,GINVA-042,280,,,,471,8,"MAYA SWIM",1,0,961,S,Cafe,#583300,1
404,BIKINI,GINVA-045,GINVA-045,389,,,,472,8,"MAYA SWIM",1,0,943,S,Verde,#4e7a27,1
405,"CHALECO DE FRIO",SALE-01,SALE-01,333,,,,473,12,"OULET GAIA",2,0,957,UNICA,CAMEL,#7b2900,2
406,"TOP DE HILO",SALE-02,SALE-02,270,,,,474,12,"OULET GAIA",1,0,958,UNICA,"BEIGE ARENA",#a96800,1
407,"CONJUNTO MAYA",GINSU4-109,GINSU4-109,430,,,,477,8,"MAYA SWIM",1,0,962,M,Amarillo,#fff994,1
408,"BIKINI SET",GNEU-51,GNEU-51,467,,,,478,8,"MAYA SWIM",1,0,963,M,Beich,#fff2d5,1
409,"BIKINI SET",GINVA3-008,GINVA3-008,445,,,,479,8,"MAYA SWIM",2,0,964,M,Negro,"",1
409,"BIKINI SET",GINVA3-008,GINVA3-008,445,,,,479,8,"MAYA SWIM",2,0,965,M,Arena,#ffeab1,1
410,"BIKINI SET",GNEU-24,GNEU-24,489,,,,480,8,"MAYA SWIM",1,0,966,M,Blanco,#ffffff,1
411,"CONJUNTO MAYA",GINNB1-11,GINNB1-11,396,,,,481,8,"MAYA SWIM",1,0,967,M,Naranja,#ff4105,1
412,"VESTIDO MAYA",GINDU3-17,GINDU3-17,557,,,,482,8,"MAYA SWIM",1,0,968,S,Negro,"",1
413,"SALIDA DE BAÑO LARGO",GINFU3-55,GINFU3-55,255,,,,483,8,"MAYA SWIM",1,0,969,"Única",Arena,#785800,1
414,"VESTIDO MAYA",GINAGU5-02,GINAGU5-02,350,,,,484,8,"MAYA SWIM",1,0,970,M,Rosado,#ffb6c1,1
415,"VESTIDO MAYA",GINAGU5-07,GINAGU5-07,350,,,,485,8,"MAYA SWIM",1,0,971,S,Rosado,#ffadd0,1
416,"VESTIDO MAYA",GINFU3-88,GINFU3-88,342,,,,486,8,"MAYA SWIM",1,0,972,S,"Rosado Fucsia",#ff6ca6,1
417,"VESTIDO MAYA",GINNU2-03,GINNU2-03,605,,,,487,8,"MAYA SWIM",1,0,973,S,Naranja,#ffa366,1
418,"VESTIDO MAYA",GINFU2-87,GINFU2-87,385,,,,488,8,"MAYA SWIM",1,0,974,S,Naranja,#ffa668,1
419,"SALIDA DE BAÑO",GINFU3-46,GINFU3-46,213,,,,489,8,"MAYA SWIM",1,0,975,"Única",Negro,"",1
420,BIKINI,MIBN-01,MIBN-01,315,,,,490,8,"MAYA SWIM",1,0,976,S,Negro,"",1
421,BIKINI,GINFU2-08,GINFU2-08,315,,,,491,8,"MAYA SWIM",1,0,977,M,Negro,"",1
422,BIKINI,GNEU-013,GNEU-013,357,,,,492,8,"MAYA SWIM",1,0,978,S,Negro,"",1
423,BIKINI,GINFU2-75,GINFU2-75,315,,,,493,8,"MAYA SWIM",1,0,979,M,Negro,"",1
424,BIKINI,MIBN-02,MIBN-02,515,,,,494,8,"MAYA SWIM",1,0,980,S,Negro,"",1
425,"CHOMPA PUS",PCB1,PCB1,480,,,,495,13,GAIA,0,0,981,M,Negro,"",0
426,"BODYS MANGA LARGA",GINBA1-079,GINBA1-079,262,,,,496,13,GAIA,3,0,982,"Única",Guinda,#791a3d,0
426,"BODYS MANGA LARGA",GINBA1-079,GINBA1-079,262,,,,496,13,GAIA,3,0,983,"Única",Azul,#0042a9,1
426,"BODYS MANGA LARGA",GINBA1-079,GINBA1-079,262,,,,496,13,GAIA,3,0,984,"Única",Perla,#fff2d5,1
426,"BODYS MANGA LARGA",GINBA1-079,GINBA1-079,262,,,,496,13,GAIA,3,0,985,"Única","Café",#7a4a00,1
427,"CINTURON DE CADENA",GICD-01,GICD-01,250,,,,497,,,0,0,,,,,
428,"CARTERA PLAYERA",MICP-01,MICP-01,350,,,,498,,,1,0,,,,,
429,"CARTERA PLAYERA",GINBA1-032,GINBA1-032,448,,,,499,,,1,0,,,,,
430,"CARTERA PLAYERA",MADC-026,MADC-026,385,,,,500,,,1,0,,,,,
431,"CARTERA PLAYERA",MADC-0026,MADC-0026,385,,,,501,,,1,0,,,,,
432,"CARTERA PLAYERA",GINBA1-02,GINBA1-02,358,,,,502,,,1,0,,,,,
433,"MOCHILA PLAYERA",MICP-02,MICP-02,350,,,,503,,,2,0,,,,,
434,"CARTERA PLAYERA",MICP-03,MICP-03,255,,,,504,,,1,0,,,,,
435,"CARTERA PLAYERA",GINBA1-030,GINBA1-030,478,,,,505,,,1,0,,,,,
436,"CARTERA PLAYERA",MICP-04,MICP-04,287,,,,506,,,1,0,,,,,
437,"CARTERA PLAYERA",MICP-05,MICP-05,276,,,,507,,,1,0,,,,,
438,"CARTERA PLAYERA",GINBA1-034,GINBA1-034,412,,,,508,,,1,0,,,,,
439,"CARTERA PLAYERA",MICP-06,MICP-06,323,,,,509,,,1,0,,,,,
440,"CARTERA PLAYERA",GINBA1-031,GINBA1-031,458,,,,510,,,1,0,,,,,
441,"CARTERA PLAYERA",MICP-07,MICP-07,286,,,,511,,,1,0,,,,,
442,"CARTERA PLAYERA",MICP-08,MICP-08,287,,,,512,,,2,0,,,,,
443,"CARTERA PLAYERA",MICP-09,MICP-09,256,,,,513,,,1,0,,,,,
444,"CARTERA PLAYERA",MICP-10,MICP-10,323,,,,514,,,1,0,,,,,
445,"SANDALIA PLAYERA",MISAP-01,MISAP-01,215,,,,515,,,1,0,,,,,
446,"SANDALIA PLAYERA",MISAP-02,MISAP-02,215,,,,516,,,1,0,,,,,
447,"SANDALIA PLAYERA",MISAP-03,MISAP-03,215,,,,517,,,2,0,,,,,
448,"SANDALIA PLAYERA",MISAP-04,MISAP-04,215,,,,518,,,1,0,,,,,
449,"PAÑOLETA MAYA",GINFU2-79,GINFU2-79,180,,,,519,,,1,0,,,,,
450,"PAÑOLETA MAYA",MIPP-01,MIPP-01,180,,,,520,,,1,0,,,,,
451,"PAÑOLETA MAYA",MIPP-02,MIPP-02,180,,,,521,,,1,0,,,,,
452,"PAÑOLETA MAYA",MIPP-03,MIPP-03,180,,,,522,,,1,0,,,,,
453,"PAÑOLETA MAYA",MIPP-04,MIPP-04,180,,,,523,,,0,0,,,,,
454,"PAÑOLETA PLAYERA",MIPP-05,MIPP-05,180,,,,524,,,1,0,,,,,
455,"PAÑOLETA MAYA",MIPP-06,MIPP-06,180,,,,525,,,1,0,,,,,
456,"ACCESORIO MAYA",ACBD-064,ACBD-064,223,,,,526,,,1,0,,,,,
457,"ACCESORIO MAYA",ACBD-068,ACBD-068,363,,,,527,,,1,0,,,,,
458,"ACCESORIO MAYA",ACBD-075,ACBD-075,345,,,,528,,,1,0,,,,,
459,"ACCESORIO MAYA",ACBD-081,ACBD-081,232,,,,529,,,1,0,,,,,
460,"ACCESORIO MAYA",CBS-017,CBS-017,199,,,,530,,,1,0,,,,,
461,"ACCESORIO MAYA",ACBD-082,ACBD-082,189,,,,531,,,2,0,,,,,
462,"ACCESORIO MAYA",ACBD-085,ACBD-085,156,,,,532,,,1,0,,,,,
463,"ACCESORIO MAYA",CBS-14,CBS-14,187,,,,533,,,1,0,,,,,
464,"ACCESORIO MAYA",CBS-01,CBS-01,179,,,,534,,,1,0,,,,,
465,"ACCESORIO MAYA",ACBD-0081,ACBD-0081,232,,,,535,,,1,0,,,,,
466,"ACCESORIO MAYA",CBS-021,CBS-021,239,,,,536,,,1,0,,,,,
467,"ACCESORIO MAYA",ACB-059,ACB-059,213,,,,537,,,1,0,,,,,
468,"ACCESORIO MAYA",ACBD-69,ACBD-69,278,,,,538,,,1,0,,,,,
469,"ACCESORIO MAYA",CBS-11,CBS-11,229,,,,539,,,1,0,,,,,
470,"ACCESORIO MAYA",ACBD-076,ACBD-076,345,,,,540,,,1,0,,,,,
471,"ACCESORIO MAYA",ACBD-067,ACBD-067,367,,,,541,,,1,0,,,,,
472,"ACCESORIO MAYA",CBS-10,CBS-10,219,,,,542,,,1,0,,,,,
473,"GAFAS MAYA",MIGP-01,MIGP-01,250,,,,543,,,5,0,,,,,
474,"GAFAS MAYA",MIGP-02,MIGP-02,250,,,,544,,,1,0,,,,,
475,"GAFAS MAYA",MIGP-03,MIGP-03,250,,,,545,,,1,0,,,,,
476,"GAFAS MAYA",MIGP-04,MIGP-04,250,,,,546,,,1,0,,,,,
477,"GAFAS MAYA",MIGP-05,MIGP-05,250,,,,547,,,2,0,,,,,
478,"GAFAS MAYA",MIGP-06,MIGP-06,250,,,,548,,,3,0,,,,,
479,"GAFAS MAYA",MIGP-07,MIGP-07,250,,,,549,,,2,0,,,,,
480,"GAFAS MAYA",MIGP-08,MIGP-08,250,,,,550,,,1,0,,,,,
481,"GAFAS MAYA",MIGP-09,MIGP-09,250,,,,551,,,1,0,,,,,
482,"AROS MAYA",ACBD-044,ACBD-044,190,,,,552,,,2,0,,,,,
483,"AROS MAYA",ACBD-033,ACBD-033,195,,,,553,,,2,0,,,,,
484,"AROS MAYA",ACBD-035,ACBD-035,195,,,,554,,,1,0,,,,,
485,"PAÑOLETA",GIPA-01,GIPA-01,190,,,,555,,,0,0,,,,,
486,"AROS MAYA",ACBD-030,ACBD-030,193,,,,556,,,1,0,,,,,
487,"AROS MAYA",ACBD-037,ACBD-037,167,,,,557,,,1,0,,,,,
488,"AROS MAYA",ACBD-0030,ACBD-0030,193,,,,558,,,2,0,,,,,
489,"AROS SET",ACBD-058,ACBD-058,180,,,,559,,,1,0,,,,,
490,"AROS MAYA",ACBD-038,ACBD-038,177,,,,560,,,1,0,,,,,
491,"AROS MAYA",ABS-42,ABS-42,249,,,,561,,,1,0,,,,,
492,"AROS MAYA",ACBD-023,ACBD-023,187,,,,562,,,1,0,,,,,
493,"AROS MAYA","",ArBD-035,195,,,,563,,,2,0,,,,,
494,"AROS MAYA","",ArBD-028,177,,,,564,,,2,0,,,,,
495,"AROS MAYA","",ABS-51,167,,,,565,,,1,0,,,,,
496,"AROS MAYA","",ABS-32,149,,,,566,,,1,0,,,,,
497,"AROS SET","",ArBD-058,150,,,,567,,,1,0,988,"","Dorado y plateado","",2
498,"AROS MAYA","",ABS-25,139,,,,568,,,1,0,,,,,
499,"AROS SET","",ArBD-0058,170,,,,569,,,1,0,,,,,
500,"AROS SET","",ArBD-00058,180,,,,570,,,1,0,,,,,
501,"AROS MAYA","",ACB-067,367,,,,571,,,1,0,,,,,
502,"AROS MAYA","",ABS-30,153,,,,572,,,1,0,,,,,
503,"Collar SET","",ACBD-0075,345,,,,573,,,1,0,,,,,
504,"AROS SET","",ACBD-000058,150,,,,574,,,1,0,,,,,
505,"AROS MAYA","",GAB-050,120,,,,575,,,1,0,,,,,
506,"AROS MAYA","",ACBD-021,187,,,,576,,,1,0,,,,,
507,"AROS MAYA","",ArBD-031,210,,,,577,,,1,0,,,,,
508,"AROS MAYA","",ACBD-042,197,,,,578,,,1,0,,,,,
509,"CHAMARRA CAFE",GB1-06,GB1-06,270,,,,579,,,0,0,,,,,
510,"AROS MAYA","",ACB-007,153,,,,580,,,1,0,,,,,
511,"AROS MAYA","",ACB-010,163,,,,581,,,1,0,,,,,
512,"BIKINI BLANCO",GNEU-36,GNEU-36,325,,,,582,,,0,0,989,M,Blanco,#ffffff,0
513,"AROS MAYA","",ABS-3,145,,,,583,,,2,0,,,,,
514,"AROS MAYA","",GAB-046,170,,,,584,,,1,0,,,,,
515,"AROS MAYA","",ACBD-026,177,,,,585,,,1,0,,,,,
516,"AROS MAYA","",ArBD-026,177,,,,586,,,1,0,,,,,
517,"AROS MAYA","",ACBD-027,197,,,,587,,,1,0,,,,,
518,"AROS MAYA","",ArB-007,153,,,,588,,,2,0,,,,,
519,"AROS MAYA","",GAB-090,180,,,,589,,,1,0,,,,,
520,"AROS MAYA","",ACBD-0021,187,,,,590,,,1,0,,,,,
521,"AROS MAYA","",ACBD-025,187,,,,591,,,1,0,,,,,
522,"AROS MAYA","",ACBD-0027,197,,,,592,,,1,0,,,,,
523,"AROS MAYA","",ABS-55,219,,,,593,,,1,0,,,,,
524,"AROS MAYA","",ACBD-00021,187,,,,594,,,1,0,,,,,
525,"AROS MAYA","",ABS-59,219,,,,595,,,1,0,,,,,
526,"AROS MAYA","",ArBD-048,245,,,,596,,,2,0,,,,,
527,"AROS MAYA","",AcB-007,163,,,,597,,,1,0,,,,,
528,"AROS MAYA","",ArBD-056,180,,,,598,,,1,0,,,,,
529,"AROS MAYA","",AcBD-036,177,,,,599,,,2,0,,,,,
530,"AROS MAYA","",ACBD-0015,187,,,,600,,,1,0,,,,,
531,"AROS MAYA","",ABS-56,157,,,,601,,,1,0,,,,,
532,"AROS MAYA","",ACBD-005,118,,,,602,,,1,0,,,,,
533,"AROS MAYA","",ABS-17,150,,,,603,,,1,0,,,,,
534,"AROS MAYA","",ArBD-032,195,,,,604,,,2,0,,,,,
535,"AROS MAYA","",ABS-41,156,,,,605,,,2,0,,,,,
536,"AROS MAYA","",ArBD-036,177,,,,606,,,1,0,,,,,
537,"AROS MAYA","",ACBD-016,167,,,,607,,,2,0,,,,,
538,"AROS SET","",ACBD-0058,150,,,,608,,,1,0,,,,,
539,"AROS MAYA","",ABS-33,135,,,,609,,,1,0,,,,,
540,"AROS MAYA","",ABS-29,157,,,,610,,,1,0,,,,,
541,"AROS MAYA","",ABS-49,198,,,,611,,,1,0,,,,,
542,"AROS SET","",ACBD-0000058,150,,,,612,,,1,0,,,,,
543,"AROS MAYA","",GAB-135,159,,,,613,,,1,0,,,,,
544,"AROS MAYA","",ACBD-017,187,,,,614,,,1,0,,,,,
545,"AROS MAYA","",ABS-37,189,,,,615,,,1,0,,,,,
546,"AROS SET","",ACBD-00000058,150,,,,616,,,1,0,,,,,
547,"AROS MAYA","",ACBD-013,155,,,,617,,,2,0,,,,,
548,"AROS MAYA","",ACBD-049,210,,,,618,,,2,0,,,,,
549,"AROS MAYA","",ABS-5,145,,,,619,,,3,0,,,,,
550,"AROS MAYA","",ABS-35,164,,,,620,,,2,0,,,,,
551,"AROS MAYA","",ABS-1,120,,,,621,,,2,0,,,,,
552,"AROS MAYA","",ACBD-052,132,,,,622,,,1,0,,,,,
553,"AROS MAYA","",ACB-005,155,,,,623,,,1,0,,,,,
554,"AROS MAYA","",ACBD-055,180,,,,624,,,1,0,,,,,
555,"AROS MAYA","",ArBD-047,210,,,,625,,,1,0,,,,,
556,"AROS MAYA","",ABS-34,189,,,,626,,,1,0,,,,,
557,"AROS MAYA","",ABS-45,189,,,,627,,,1,0,,,,,
558,"AROS MAYA","",ABS-48,182,,,,628,,,1,0,,,,,
559,"AROS MAYA","",ACBD-056,180,,,,629,,,1,0,,,,,
560,"AROS SET","",ACBD-000000058,150,,,,630,,,1,0,,,,,
561,"AROS MAYA","",GAB-070,180,,,,631,,,1,0,,,,,
562,"AROS MAYA","",ACBD-054,177,,,,632,,,1,0,,,,,
563,"AROS MAYA","",ACBD-039,210,,,,633,,,1,0,,,,,
564,"AROS MAYA","",ACB-003,113,,,,634,,,1,0,,,,,
565,"AROS MAYA","",ACBD-057,170,,,,635,,,1,0,,,,,
566,"AROS MAYA","",ACBD-0000000058,200,,,,636,,,1,0,,,,,
567,"AROS MAYA","",ACBD-028,177,,,,637,,,1,0,,,,,
568,"AROS SET","",ACBD-00000000058,189,,,,638,,,1,0,,,,,
569,"MANGA LARGA",GIM-01,GIM-01,290,,,,639,,,0,0,990,"Única",Cafe,#a96800,0
570,"MAYA CAFÉ",MYC,MYC,415,,,,640,,,0,0,996,"Única","Café",#583300,0
571,"BLUSAS DE SEDA MATE",GIMBM3,GIMBM3,285,,,,641,,,2,0,992,"Única",Turquesa,#00374a,1
571,"BLUSAS DE SEDA MATE",GIMBM3,GIMBM3,285,,,,641,,,2,0,993,"Única",Negro,"",1
571,"BLUSAS DE SEDA MATE",GIMBM3,GIMBM3,285,,,,641,,,2,0,994,"Única",Cafe,#583300,0
572,"PAREO TEJIDO",PRM,PRM,213,,,,642,,,0,0,995,"Única",Beish,#ffecd4,0
573,"BIKINI CELESTE",MICM1,MICM1,365,,,,643,,,1,0,997,"Únicas",Celeste,#52d6fc,1
574,"CHAMARRA PUFFERS",MLT-8/5,MLT-8/5,450,,,,644,,,3,0,998,UNICA,"VERDE AGUA",#dfeed4,1
574,"CHAMARRA PUFFERS",MLT-8/5,MLT-8/5,450,,,,644,,,3,0,999,UNICA,GUINDA,#791a3d,1
574,"CHAMARRA PUFFERS",MLT-8/5,MLT-8/5,450,,,,644,,,3,0,1000,UNICA,NEGRA,"",1
575,"CHAMARRA PUFFERS",MLTA-8/5,MLTA-8/5,480,,,,645,,,1,0,1001,UNICA,BlANCA,#ffffff,1
576,"SUÉTER DE HILO",GINB1-001,GINB1-001,280,,,,646,,,1,0,1007,UNICA,SALMON,#ffb5af,1
577,"SUÉTER DE HILO",GINB1-101,GINB1-101,290,,,,647,,,1,0,1006,UNICA,CAMEL,#ad3e00,1
578,"SUÉTER",GBBJ2-08,GBBJ2-08,360,,,,648,,,1,0,1008,1,LADRILLO,#b51a00,1
579,"SUÉTER TEJIDO",GINBAM-005,GINBAM-005,320,,,,649,,,1,0,1009,UNICA,"BLANCO Y NEGRO","",1
580,SUETER,GINB1-103,GINB1-103,290,,,,650,,,2,0,1010,"ÚNICA",AZUL,#1a0a52,1
580,SUETER,GINB1-103,GINB1-103,290,,,,650,,,2,0,1011,UNICA,GUINDA,#551029,1
581,"TOP DE INVIERNO",SALE-05,SALE-05,270,,,,651,,,5,0,1012,UNICA,"CAFÉ CLARO",#7a4a00,1
581,"TOP DE INVIERNO",SALE-05,SALE-05,270,,,,651,,,5,0,1013,UNICA,"CAFÉ",#5a1c00,2
581,"TOP DE INVIERNO",SALE-05,SALE-05,270,,,,651,,,5,0,1014,UNICA,BLANCA,#ffffff,1
581,"TOP DE INVIERNO",SALE-05,SALE-05,270,,,,651,,,5,0,1015,UNICA,CAMel,#ad3e00,1
582,"POLERA OVERSIZE",GBBI-07,GBBI-07,250,,,,652,,,1,0,1016,UNICA,BEIGE,#ffecd4,1
583,"BLUSA SE GAZA",GINBM1-022,GINBM1-022,285,,,,653,,,6,0,1017,G,NEGRA,"",1
583,"BLUSA SE GAZA",GINBM1-022,GINBM1-022,285,,,,653,,,6,0,1018,M,NEGRA,"",1
583,"BLUSA SE GAZA",GINBM1-022,GINBM1-022,285,,,,653,,,6,0,1019,M,MOSTAZA,#a96800,1
583,"BLUSA SE GAZA",GINBM1-022,GINBM1-022,285,,,,653,,,6,0,1020,G,MOSTAZA,#a96800,1
583,"BLUSA SE GAZA",GINBM1-022,GINBM1-022,285,,,,653,,,6,0,1021,G,CAFE,#5a1c00,1
583,"BLUSA SE GAZA",GINBM1-022,GINBM1-022,285,,,,653,,,6,0,1022,G,BEIGE,#fff2d5,1
584,"VESTIDO CORTO",GINBA1-06,GINBA1-06,835,,,,654,,,2,0,1039,P,BEIGE,#fee4a8,1
584,"VESTIDO CORTO",GINBA1-06,GINBA1-06,835,,,,654,,,2,0,1040,M,NEGRO,"",1
585,"VESTIDO LARGO",GINBA1-05,GINBA1-05,452,,,,655,,,2,0,1047,UNICA,CAMEL,#a96800,1
585,"VESTIDO LARGO",GINBA1-05,GINBA1-05,452,,,,655,,,2,0,1048,UNICA,BEIGE,#ffecd4,1
585,"VESTIDO LARGO",GINBA1-05,GINBA1-05,452,,,,655,,,2,0,1049,UNICA,"CAFÉ",#5c0701,1
586,"VESTIDO LARGO",GINBA1-09,GINBA1-09,769,,,,656,,,2,0,1027,P,BEIGE,#fff2d5,1
586,"VESTIDO LARGO",GINBA1-09,GINBA1-09,769,,,,656,,,2,0,1028,P,NEGRA,"",1
587,"VESTIDO LARGO",GINBA1-009,GINBA1-009,769,,,,657,,,1,0,1029,P,ARENA,#ffd9a8,1
588,"VESTIDO LARGOS",GINBA1-0009,GINBA1-0009,769,,,,658,,,2,0,1030,P,CAFE,#5a1c00,1
588,"VESTIDO LARGOS",GINBA1-0009,GINBA1-0009,769,,,,658,,,2,0,1031,P,AZUL,#011d57,1
589,"ENTERIZO LARGO",GINBA1-00009,GINBA1-00009,759,,,,659,,,1,0,1032,P,"CAFÉ CLARO",#7a4a00,1
590,"VESTIDO LARGO",GINBA01-09,GINBA01-09,749,,,,660,,,1,0,1033,P,"CAFÉ CLARO",#7b2900,1
591,"VESTIDO LARGO",GINBA1-08,GINBA1-08,727,,,,661,,,2,0,1034,P,AZUL,#011d57,1
591,"VESTIDO LARGO",GINBA1-08,GINBA1-08,727,,,,661,,,2,0,1035,M,"PALO DE ROSA",#99244f,1
592,"ENTERIZO LARGO",GINBA1-006,GINBA1-006,823,,,,662,,,1,0,1036,P,CAMEL,#ad3e00,1
593,"VESTIDO LARGO",GINBM1-017,GINBM1-017,477,,,,663,,,1,0,1050,UNICA,CAFE,#5c0701,1
594,"VESTIDO LARGO",GINDB2-06,GINDB2-06,715,,,,664,,,1,0,1051,P,BEIGE,#fff2d5,1
595,"VESTIDO LARGO",GINBM1-19,GINBM1-19,513,,,,665,,,1,0,1052,UNICA,CAMEL,#7b2900,1
597,"VESTIDO DE DOS PIEZAS",GINBM1-0017,GINBM1-0017,595,,,,667,,,1,0,1055,UNICA,BEIGE,#ffecd4,1
598,"VESTIDOS DE CUERO",GINBA1-94,GINBA1-94,447,,,,668,,,6,0,1056,UNICA,NEGRO,"",2
598,"VESTIDOS DE CUERO",GINBA1-94,GINBA1-94,447,,,,668,,,6,0,1057,UNICA,CAMEL,#ad3e00,3
598,"VESTIDOS DE CUERO",GINBA1-94,GINBA1-94,447,,,,668,,,6,0,1058,UNICA,GUINDA,#791a3d,1
599,"CHALECO TEJIDO",GIC-01,GIC-01,280,,,,669,,,0,0,1059,"Única",Cafe,#583300,0
600,"VESTIDO NEGRO",GINOV4-73,GINOV4-73,680,,,,670,,,0,0,1062,"Única",Negro,"",0
601,"VESTIDO TELA SASTRERA",GINBM1-0021,GINBM1-0021,489,,,,671,,,0,0,1061,"Única",Blanco,#ffffff,0
